name,txt,ph_seq,ph_dur,ph_num,note_seq,note_dur,comments
000001,In the failing light of the afternoon,SP i n ð a f e ʎ i ŋ ɡ l aj t ɒ v ð a a f t a n uː n SP,0.48 0.13 0.23 0.05 0.06 0.11 0.29 0.07 0.11 0.01 0.04 0.11 0.73 0.03 0.25 0.04 0.05 0.21 0.57 0.07 0.06 0.61 0.13 0.93 0.43 0.45,1 2 2 6 3 2 2 7 1,rest B3 B3 A3 G#3 E3 E3 F#3 G#3 A3 B3 B3 rest,0.545669 0.325079 0.19737 0.325079 0.278639 0.777868 0.348299 0.16254 0.743039 0.731429 1.184218 0.18576 0.441179,
000002,Lucy in the shade of the dogwood blooms,SP l uː s i i n ð a ʃ e d ɒ v ð a d ɒ ɡ w ʊ d SP b l uː m z SP,0.43 0.1 0.19 0.13 0.22 0.03 0.03 0.03 0.28 0.18 0.76 0.1 0.25 0.05 0.04 0.06 0.12 0.62 0.03 0.08 0.02 0.6 0.03 0.03 0.07 0.71 0.53 0.1 0.18,1 4 2 2 3 2 2 6 1 5 1,rest B2 A#3 B3 A3 G#3 E3 E3 F#3 G#3 A3 B3 rest,0.522449 0.10449 0.2322 0.2322 0.25542 0.278639 0.835918 0.359909 0.18576 0.743039 0.731429 1.149388 0.371519,
000003,Yesterday the solace of a poison fish,SP j ɛ s t a dʲ e ð a s ɒ ʎ ɪ s ɒ v SP a SP p ɔj z ə n fʲ i ʃ SP,0.47 0.12 0.2 0.1 0.06 0.13 0.08 0.24 0.05 0.08 0.16 0.25 0.06 0.38 0.16 0.44 0.06 0.03 1.39 0.1 0.03 0.06 0.03 0.26 0.24 0.03 0.07 0.28 0.36,1 7 2 5 2 1 1 1 5 3 1,rest A#3 B3 A3 G#3 F#3 E3 E3 F#3 G#3 G#3 A3 B3 B3 rest,0.580499 0.371519 0.20898 0.290249 0.24381 0.336689 0.510839 0.348299 0.19737 0.464399 0.301859 0.743039 0.568889 0.10449 0.650159,
000004,Tomorrow I'll be kissing on her blood-red lips,SP ʈ ə m ɒ ɹ oː a ɫ bʲ i c ɪ s ɪ ŋ a n a b l ɐ d ɹ ɛ d ʎ i p s SP,0.48 0.06 0.04 0.11 0.18 0.05 0.29 0.19 0.08 0.07 0.11 0.14 0.43 0.16 0.05 0.22 0.24 0.07 0.15 0.07 0.07 0.56 0.03 0.09 1.2 0.14 0.03 0.03 0.14 0.18 0.42,1 6 2 2 5 2 1 4 3 4 1,rest B3 B3 G#3 F#3 E3 E3 F#3 G#3 A3 B3 rest,0.568889 0.313469 0.417959 0.278639 0.812698 0.25542 0.313469 0.2322 0.708209 0.766259 0.650159 0.766259,
000005,And no one is the savior they would like to be,SP a n n əw ʋ ɒ n i z ð a s e vʲ ɔ ð e a d l aj k SP ə SP bʲ i SP,0.58 0.07 0.1 0.04 0.19 0.03 0.22 0.09 0.24 0.07 0.03 0.09 0.13 0.7 0.03 0.03 0.14 0.23 0.18 0.03 0.1 0.59 0.08 0.03 0.61 0.03 0.09 0.85 0.48,1 2 2 3 2 2 4 2 2 3 1 1 1 2 1,rest B3 B3 A3 G#3 F#3 E3 E3 F#3 G#3 A3 B3 rest,0.801088 0.20898 0.313469 0.325079 0.2322 0.684989 0.20898 0.348299 0.18576 0.743039 0.696599 0.928798 0.406349,
000006,The love song of the buzzard in the dogwood tree,SP ð a l ɐ v s ɑ ŋ ɒ v ð a b ɐ z ə d i n ð a d ɒ ɡ w ʊ d SP t ɹ iː SP,0.48 0.05 0.03 0.07 0.18 0.04 0.16 0.16 0.07 0.18 0.08 0.04 0.13 0.07 0.81 0.03 0.03 0.03 0.22 0.06 0.03 0.08 0.12 0.63 0.04 0.05 0.02 0.61 0.03 0.09 0.14 0.93 0.44,1 2 3 3 2 2 5 2 2 6 1 3 1,rest B3 B3 A3 G#3 F#3 E3 E3 F#3 G#3 A3 B3 rest,0.638549 0.371519 0.22059 0.290249 0.2322 0.290249 0.603719 0.301859 0.19737 0.731429 0.743039 1.033288 0.476009,
000007,With a train of horses laughing through the traffic line,SP ʋ ɪ d̪ a t ɹ e n ɒ v h ɒ ɹ s ɪ z l a fʲ i ŋ ɡ t̪ ɹ ə f ð a t ɹ a fʲ i k l aj n SP,0.45 0.1 0.04 0.1 0.05 0.15 0.05 0.28 0.03 0.11 0.03 0.03 0.19 0.09 0.06 0.15 0.04 0.09 0.4 0.11 0.23 0.01 0.03 0.03 0.03 0.23 0.03 0.04 0.07 0.11 0.05 1.25 0.03 0.03 0.03 0.08 0.73 0.28 0.49,1 3 1 4 2 6 6 4 2 6 3 1,rest A2 A3 B3 A3 G#3 G3 F#3 E3 E3 F#3 G#3 A3 B3 rest,0.522449 0.383129 0.12771 0.394739 0.336689 0.267029 0.17415 0.348299 0.290249 0.336689 0.18576 0.754649 0.696599 1.068118 0.441179,
000008,And the cradle's unimaginative sense of time,SP a n ð a c ɹ e d ʊ ɫ z ɐ n i m a dʒ i n a tʲ i v s ɛ n s ɒ v ʈ aj m SP,0.62 0.08 0.08 0.03 0.03 0.14 0.07 0.27 0.03 0.12 0.03 0.05 0.26 0.05 0.1 0.09 0.57 0.13 0.39 0.03 0.03 0.08 0.2 0.05 0.12 0.41 0.09 0.06 0.58 0.06 0.09 0.87 1.23 0.19,1 2 2 7 12 4 2 3 1,rest rest A3 B3 B3 A3 G#3 F#3 G#3 F#3 E3 E3 F#3 G#3 A3 A3 F#3 F#3 rest,0.812698 0.18576 0.12771 0.2322 0.22059 0.290249 0.18576 0.10449 0.10449 0.487619 0.22059 0.325079 0.371519 0.545669 0.731429 0.359909 1.590567 0.19737 0.12771,
000009,[vocalizing],,,,,,
000010,[vocalizing],,,,,,
000011,Springtime and the promise of an open fist,SP s p ɹ ɪ ŋ ʈ aj m a n ð a p ɹ ɑ mʲ ɪ s ɒ v a n əw p ə n fʲ i s t SP,0.46 0.1 0.08 0.04 0.15 0.12 0.04 0.19 0.03 0.22 0.05 0.04 0.09 0.1 0.05 0.22 0.12 0.41 0.11 1.17 0.1 0.44 0.11 0.03 0.12 0.44 0.22 0.03 0.03 0.05 0.03 0.55,1 8 2 2 6 2 2 4 4 1,rest B3 B3 A3 G#3 F#3 E3 E3 F#3 G#3 A3 B3 rest,0.661769 0.336689 0.22059 0.290249 0.22059 0.348299 0.545669 0.336689 0.22059 0.708209 0.719819 0.603719 0.731429,
000012,A tattoo of a flower on a broken wrist,SP a ʈ a ʈ ʉː ɒ v SP a SP f l aw a a n a b ɹ əw k ə n ɹ i s t SP,0.58 0.07 0.13 0.17 0.12 0.19 0.46 0.06 0.04 2.09 0.03 0.03 0.03 0.52 0.03 0.73 0.03 0.03 0.03 0.03 0.03 0.03 0.03 0.03 0.03 0.03 0.07 0.03 0.62,1 1 4 2 1 1 1 4 2 1 6 4 1,rest A2 A3 B3 A3 G#3 F#3 E3 E3 F#3 G#3 A3 B3 rest,0.615329 0.16254 0.290249 0.25542 0.290249 0.2322 0.359909 0.545669 0.325079 0.17415 0.731429 0.731429 0.847528 0.743039,
000013,And Lucy tells me jokingly to wipe her brow,SP a n l uː s i ʈ ɛ l z ɛ mʲ iː dʒ əw c ɪ ɲ ʎ i SP ə SP ʋ aj p SP a SP b ɹ aw SP,0.63 0.08 0.13 0.05 0.13 0.13 0.19 0.09 0.18 0.05 0.06 0.03 0.03 0.11 0.11 0.36 0.15 0.13 0.16 0.03 0.24 0.03 0.81 0.03 0.03 0.05 0.03 0.03 0.65 0.03 0.05 0.04 1.4 0.47,1 2 4 4 3 7 1 1 1 3 1 1 1 3 1,rest B2 B3 B3 A3 G#3 F#3 E3 E3 F#3 G#3 A3 B3 B3,0.673379 0.22059 0.25542 0.278639 0.325079 0.24381 0.522449 0.301859 0.301859 0.24381 0.743039 0.708209 1.358367 0.545669,
000014,With a pocket map to heaven and the sun goes down,SP ʋ ɪ d̪ a p ɒ c ɪ ʈ m a p ə h ɛ v ə n a n ð a s ɐ n ɡ əw z d aw n SP,0.47 0.07 0.07 0.06 0.07 0.11 0.2 0.1 0.18 0.03 0.07 0.18 0.11 0.14 0.13 0.18 0.09 0.41 0.14 0.23 0.07 0.04 0.05 0.15 0.49 0.22 0.06 0.5 0.12 0.05 0.88 0.44 0.47,1 3 1 5 3 1 5 2 2 3 3 3 1,rest A#2 D3 A3 B3 A3 G#3 G#3 F#3 E3 E3 F#3 G#3 A3 B3 rest,0.534059 0.12771 0.20898 0.290249 0.267029 0.301859 0.16254 0.1161 0.336689 0.464399 0.325079 0.2322 0.743039 0.673379 1.323537 0.476009,
000015,[vocalizing],,,,,,
000016,[vocalizing],,,,,,
000017,Love was a promise made of smoke in a frozen copse of trees,SP l ɐ v ʋ ɒ z a p ɹ ɑ mʲ ɪ s m e d ɒ v s m əw k SP i n a f ɹ əw z ə n k ɒ p s ɒ v t ɹ iː z SP,0.5 0.08 1.22 0.03 0.03 0.03 0.06 0.14 0.11 0.04 0.19 0.06 0.19 0.08 0.1 0.23 0.03 0.1 0.03 0.15 0.07 0.37 0.04 0.53 0.07 0.03 0.22 0.13 0.04 0.74 0.07 0.25 0.06 0.1 0.22 0.07 0.1 0.08 0.05 0.07 0.1 2.13 0.3 0.35,1 3 3 1 6 3 2 4 1 2 1 6 4 2 4 1,rest F#3 A3 A3 G3 A3 G3 A3 G3 G3 G3 A3 rest G3 G3 A3 G3 G3 G3 A3 G3 G3 F3 rest,0.580499 0.16254 0.905578 0.301859 0.267029 0.290249 0.348299 0.25542 0.301859 0.05805 0.10449 0.325079 0.580499 0.383129 0.17415 0.325079 0.18576 0.18576 0.394739 0.383129 0.20898 0.406349 1.857596 0.603719,
000018,A bone cold and older than our bodies slowly floating in the sea,SP a b əw n k oː l ɖ a n əw ɫ d ə d̪ a n a b ɑ dʲ i z s l əw ʎ i f l əw tʲ ɪ ŋ i n ð a s iː SP,0.59 0.33 0.15 0.69 0.09 0.05 0.32 0.04 0.03 0.14 0.06 0.34 0.03 0.03 0.18 0.06 0.2 0.05 0.2 0.09 0.76 0.04 0.11 0.05 0.07 0.07 0.22 0.1 0.08 0.1 0.08 0.59 0.03 0.03 0.03 0.21 0.07 0.04 0.42 0.16 1.81 0.18,1 1 3 4 2 4 3 1 5 5 6 2 2 2 1,rest C#3 A3 A3 G3 A3 G3 G3 A3 G3 G3 A3 G3 A3 G3 G#3 A3 G3 G3 A3 G3 F#3 G3 F3 rest,0.638549 0.429569 0.835918 0.383129 0.19737 0.25542 0.15093 0.2322 0.267029 0.278639 0.313469 0.487619 0.24381 0.325079 0.24381 0.17415 0.24381 0.278639 0.371519 0.301859 0.278639 0.13932 0.278639 1.369977 0.20898,
000019,Every morning there were planes the shiny blades of pagan angels in our father's skies,SP ɛ ɹ i m ɒ ɹ ɲ ɪ ŋ ð ɚ ʋ ə p l e n z ð a ʃ aj ɲ i b l e d z ɒ v p ə ɡ ɑː n e n dʒ ɛ ɫ z i n a f a ð a z s c aj z SP,0.44 0.3 0.21 0.03 0.11 0.21 0.14 0.05 0.08 0.1 0.05 0.25 0.04 0.16 0.11 0.13 0.41 0.18 0.04 0.04 0.06 0.17 0.3 0.06 0.13 0.06 0.11 0.65 0.05 0.03 0.06 0.1 0.05 0.26 0.07 0.05 0.16 0.25 0.09 0.06 0.06 0.16 0.09 0.21 0.1 0.16 0.17 0.21 0.07 0.15 0.09 0.07 0.09 1.53 0.03 0.63,1 3 6 2 2 5 2 4 5 2 5 6 2 1 5 4 1,rest D#3 D3 D#3 D#3 D#3 D#3 D#3 D3 D#3 D#3 D3 D3 D#3 D#3 D#3 D3 D#3 D3 D#3 D3 D#3 G3 F3 G3 F3 rest,0.510839 0.359909 0.22059 0.394739 0.2322 0.290249 0.290249 0.766259 0.24381 0.348299 0.20898 0.10449 0.24381 0.487619 0.22059 0.313469 0.20898 0.406349 0.313469 0.290249 0.348299 0.267029 0.417959 0.1161 0.325079 1.300317 0.441179,
000020,Every evening I would watch her hold the pillow tight against her hollows her unholy child,SP ɛ ɹ i ɛ v ɛ ɲ i ŋ ɡ aj a d ʋ ɒ tʃ a h əw ɫ d ð a p ɪ l oː ʈ aj ʈ a ɡ ɛ i n s t a h ɒ l əw z a ɐ n h əw ʎ i tʃ aj ɫ d SP,0.48 0.17 0.38 0.31 0.04 0.03 0.03 0.06 0.17 0.01 0.03 0.19 0.23 0.03 0.1 0.21 0.12 0.25 0.12 0.09 0.18 0.03 0.05 0.08 0.15 0.16 0.09 0.36 0.14 0.37 0.03 0.11 0.09 0.16 0.03 0.03 0.04 0.1 0.18 0.09 0.2 0.06 0.24 0.1 0.31 0.15 0.07 0.11 0.24 0.13 0.45 0.17 1.01 0.03 0.03 0.46,1 3 7 1 2 3 1 4 2 4 3 7 1 5 1 6 4 1,rest D3 D3 D#3 D3 D3 D3 D3 D3 D#3 D3 D#3 D3 C#3 D#3 D3 D#3 D3 D#3 D3 D#3 D3 D#3 D3 C3 A2 rest,0.522449 0.383129 0.19737 0.394739 0.20898 0.301859 0.278639 0.301859 0.336689 0.383129 0.2322 0.22059 0.534059 0.15093 0.25542 0.19737 0.348299 0.25542 0.267029 0.383129 0.290249 0.301859 0.383129 0.615329 0.371519 0.789478 0.383129,
000021,I was still a beggar shaking out my stolen coat among the angry cemetery leaves,SP aj ʋ ɒ z s tʲ i ɫ a b ɛ ɡ a ʃ e c i ŋ ɡ aw t m ɑ s t əw l ə n k oː ʈ a m ɔ ŋ ɡ ð a a ɲ ɟ ɹ i s ɛ m a t ɹ i ʎ iː v z SP,0.47 0.33 0.05 0.11 0.04 0.07 0.09 0.18 0.25 0.03 0.13 0.24 0.05 0.11 0.18 0.22 0.08 0.27 0.01 0.03 0.23 0.03 0.1 0.13 0.14 0.09 0.23 0.07 0.08 0.15 0.11 0.41 0.03 0.06 0.16 0.16 0.13 0.03 0.03 0.25 0.12 0.14 0.03 0.07 0.09 0.18 0.16 0.07 0.07 0.13 0.33 0.12 0.14 3.28 0.18 0.13 0.42,1 1 3 4 1 4 6 2 2 6 3 5 2 5 7 4 1,rest D3 D3 D#3 D3 D#3 D3 D#3 D3 D#3 D3 D#3 D3 D#3 D3 D#3 D3 D#3 D3 D#3 D3 D#3 F3 F3 rest,0.522449 0.325079 0.313469 0.336689 0.267029 0.267029 0.290249 0.313469 0.301859 0.359909 0.359909 0.301859 0.348299 0.325079 0.325079 0.336689 0.2322 0.325079 0.348299 0.22059 0.22059 0.313469 0.267029 3.471383 0.534059,
000022,When they caught the king beneath the borrowed car righteous drunk and fumbling for the royal keys,SP ʋ ɛ n ð e k ɒː ʈ ð a c ɪ ŋ b ɛ ɲ iː θ ð a b ɒ ɹ əw d k ɑː ɹ aj tʃ ə s d ɹ ɐ ŋ k a n f ɐ m b ʎ ɪ ŋ f a ð a ɹ ɔj a ɫ SP c iː z SP,0.61 0.09 0.16 0.12 0.03 0.13 0.11 0.25 0.13 0.04 0.07 0.15 0.19 0.17 0.03 0.07 0.14 0.2 0.07 0.06 0.12 0.19 0.13 0.16 0.14 0.12 0.1 0.4 0.35 0.29 0.13 0.09 0.06 0.09 0.06 0.16 0.03 0.06 0.04 0.11 0.12 0.19 0.05 0.03 0.07 0.11 0.1 0.1 0.28 0.08 0.1 0.13 0.43 0.15 0.9 0.04 0.1 2.77 0.04 0.39,1 3 2 3 2 3 5 2 5 2 5 5 2 7 2 2 4 1 3 1,rest D#3 D3 D#3 D#3 D#3 D3 D#3 D3 D#3 D3 D3 D#3 D#3 D3 D#3 D3 D#3 D3 D#3 D3 D#3 D#3 F3 F3 F3,0.696599 0.301859 0.267029 0.394739 0.2322 0.383129 0.19737 0.325079 0.336689 0.267029 0.383129 0.17415 0.557279 0.429569 0.25542 0.301859 0.267029 0.278639 0.371519 0.348299 0.22059 0.371519 0.441179 0.835918 2.496145 0.696599,
000023,[vocalizing],,,,,,
000024,[vocalizing],,,,,,
000025,[vocalizing],,,,,,
000026,[vocalizing],,,,,,
000027,[vocalizing],,,,,,
000028,[vocalizing],,,,,,
000029,Love was a father's flag and sung like a shank in a cake on our leather boots,SP l ɐ v ʋ ɒ z SP a SP f a ð a z f l a ɡ a n s ɐ ŋ l aj k a SP ʃ a ŋ k i n a c eː k a n a l ɛ ð a b uː t s SP,0.05 0.04 0.2 0.03 0.03 0.03 0.03 0.03 1.35 0.08 0.03 0.23 0.07 0.14 0.04 0.07 0.08 0.21 0.05 0.15 0.1 0.03 0.51 0.04 0.2 0.19 0.04 0.69 0.03 0.27 0.6 0.03 0.05 0.14 0.03 0.03 0.17 0.03 0.03 0.14 0.08 0.03 0.03 0.11 0.09 0.03 0.03 1.38 0.03 0.03 0.15,1 3 3 1 1 1 5 4 2 3 3 1 1 4 2 1 3 2 1 4 4 1,rest C3 A3 A3 G3 A3 G3 A3 G3 G3 A3 G3 A3 G#3 A3 G3 G3 A3 G3 A3 G3 A3 G3 G3 F3 rest,0.08127 0.383129 0.824308 0.313469 0.290249 0.301859 0.267029 0.325079 0.278639 0.18576 0.394739 0.18576 0.22059 0.20898 0.16254 0.22059 0.394739 0.24381 0.18576 0.267029 0.359909 0.290249 0.325079 0.301859 1.137778 0.13932,
000030,A beautiful feather floating down to where the birds had shit on empty chapel pews,SP a SP bʲ ʉː tʲ ɪ f ə ɫ f ɛ ð a f l əw tʲ ɪ ŋ d aw n ə ʋ ɛː ð a b aː d z h a d ʃ i t a n ɛ m p tʰ i tʃ a p ə l pʲ uː z SP,0.47 0.91 0.03 0.03 0.03 0.03 0.03 0.03 0.08 0.03 0.03 0.15 0.03 0.03 0.03 0.03 1.15 0.19 0.07 0.43 0.04 0.1 0.12 1.19 0.03 0.23 0.03 0.03 0.03 0.16 0.06 0.03 0.05 0.2 0.06 0.1 0.15 0.06 0.14 0.03 0.03 0.03 0.05 0.04 0.03 0.01 1.57 0.03 0.85 0.03 0.03 0.06 0.08 0.34,1 1 1 7 4 6 3 1 2 2 4 3 3 2 5 5 3 1,rest D#3 D3 D#3 D3 D#3 D3 D#3 D#3 D3 D#3 D3 D3 D#3 D3 D#3 D3 D#3 D3 D#3 D#3 D#3 G3 G3 G3 F3 rest,0.499229 0.371519 0.2322 0.371519 0.2322 0.290249 0.301859 0.371519 0.394739 0.25542 0.301859 0.2322 0.20898 0.313469 0.348299 0.2322 0.336689 0.313469 0.290249 0.371519 0.20898 0.325079 0.267029 0.12771 0.487619 1.706667 0.429569,
000031,Every evening she'd descend the mountain stealing socks and singing something good where all the horses fell,SP ɛ ɹ i ɛ v ɛ ɲ i ŋ ɡ ʃ iː d d ɛ s ɛ n d ð a m aw n t ə n s tʲ iː ʎ ɪ ŋ s ɑ k s a n s ɪ ɲ ɪ ŋ s ɐ m p m̩ ɡ ʊ d ʋ ɛː ɑː ɫ ð a SP h ɒ ɹ s ɪ z f ɛ l SP,0.49 0.22 0.23 0.43 0.03 0.03 0.03 0.04 0.1 0.01 0.03 0.12 0.21 0.06 0.03 0.07 0.18 0.21 0.09 0.03 0.03 0.11 0.19 0.2 0.07 0.05 0.07 0.09 0.16 0.1 0.17 0.08 0.07 0.08 0.19 0.23 0.09 0.12 0.05 0.08 0.11 0.04 0.03 0.1 0.2 0.15 0.16 0.06 0.03 0.18 0.03 0.32 0.03 0.06 0.21 0.21 0.06 0.04 0.37 0.03 0.03 0.03 0.04 0.13 0.16 0.11 0.08 0.7 0.3 0.45,1 3 7 3 6 2 6 6 4 2 5 5 3 2 2 2 1 6 3 1,rest D#3 D3 D#3 D3 D#3 D3 D#3 D3 D#3 D3 D#3 D3 D#3 D#3 D#3 D3 D#3 D3 D3 D#3 D3 D3 D#3 D#3 C3 A2 A2 rest,0.534059 0.336689 0.2322 0.394739 0.267029 0.301859 0.24381 0.336689 0.313469 0.348299 0.417959 0.18576 0.394739 0.429569 0.25542 0.19737 0.325079 0.2322 0.22059 0.12771 0.278639 0.499229 0.301859 0.348299 0.371519 0.348299 0.16254 0.441179 0.476009,
000032,Like a snake within the wilted garden wall I'd hint to her every possibility,SP l aj k a s n e k ʋ ɪ d̪ ɪ n ð a ʋ ɪ l ʈʲ ɪ ɖ ɡ a d ɛ n ʋ ɒː l aj d ç i n t ə a ɛ ɹ i p ɒ s ɪ bʲ ɪ ʎ i ʈʲ i SP,0.48 0.04 0.25 0.1 0.08 0.14 0.08 0.2 0.07 0.05 0.17 0.06 0.16 0.19 0.04 0.13 0.08 0.13 0.15 0.08 0.16 0.08 0.04 0.32 0.03 0.09 0.06 0.03 0.03 0.03 0.64 0.03 0.09 0.21 0.1 0.11 0.97 0.04 0.03 0.03 0.04 0.12 0.22 0.17 0.1 0.13 0.13 0.1 0.08 0.13 1.54 0.45,1 3 1 4 5 2 6 5 3 2 4 1 1 3 10 1,rest D3 D3 D#3 D3 D#3 D3 D#3 D#3 D#3 D3 D#3 D3 D3 D#3 D3 D#3 D#3 D#3 D3 D#3 F3 F3 rest,0.534059 0.336689 0.2322 0.359909 0.25542 0.371519 0.24381 0.348299 0.278639 0.348299 0.17415 0.336689 0.417959 0.10449 0.394739 0.278639 0.673379 0.278639 0.383129 0.24381 0.19737 0.2322 1.555737 0.429569,
000033,While with his gun the pagan angel rose to say My love is one made to break every bended knee [vocalizing],SP ʋ aj l ʋ ɪ d̪ ç i z ɡ ɐ n ð a p ə ɡ ɑː n e n dʒ ɛ ɫ ɹ əw z ə s e m ɑ l ɐ v i z ʋ ɒ n m e d ə b ɹ e k ɛ ɹ i b ɛ n d ɛ d ɲ i SP,0.66 0.13 0.24 0.07 0.05 0.18 0.03 0.03 0.11 0.09 0.03 0.25 0.12 0.05 0.07 0.04 0.03 0.06 0.03 0.03 0.72 0.11 0.05 0.09 0.09 0.13 0.21 0.15 0.07 0.19 0.24 0.08 0.13 0.1 0.37 0.04 0.11 0.05 0.05 0.19 0.15 0.03 0.28 0.09 0.1 0.09 0.08 0.26 0.12 0.2 0.28 0.03 0.08 0.18 0.13 0.04 1.01 0.03 0.19 3.45 4.09,1 3 3 3 3 2 5 5 3 1 2 2 3 2 3 3 1 4 3 6 2 1,rest B2 D#3 D3 D#3 D3 D#3 D3 D#3 D3 D#3 D3 D#3 D3 D3 D#3 D#3 D#3 D#3 D3 D#3 D#3 D3 D#3 D#3 F3 F3 rest A#3 C4 C4,0.824308 0.325079 0.24381 0.2322 0.359909 0.267029 0.348299 0.19737 0.394739 0.290249 0.371519 0.25542 0.313469 0.24381 0.16254 0.24381 0.20898 0.371519 0.359909 0.22059 0.452789 0.371519 0.20898 0.348299 0.441179 0.789478 3.482993 0.464399 1.219048 0.19737 2.171066,"exclude:mixed_vocalizing,SNR=2.3,dev=9.8"
000034,[Vocalizing],,,,,,
000035,In our days we will live like our ghosts will live,SP i n SP a d e z ʋ iː ʋ ɪ l l aj v SP l aj k SP a SP ɡ əw s t s ʋ ɪ l l aj v SP,0.47 0.4 2.37 0.43 0.12 0.03 0.42 0.03 0.03 0.43 0.03 0.03 0.15 0.03 0.39 0.07 1.12 0.06 0.33 0.12 0.03 0.63 0.03 0.14 0.5 0.04 0.15 0.05 0.12 0.05 0.14 0.03 0.23 0.39 0.36,1 2 1 1 3 2 3 3 1 3 1 1 1 5 3 3 1,rest F#3 E3 E3 E3 rest F#3 E3 E3 E3 rest D#3 F#3 G#3 G#3 D#3 D#3,0.534059 0.429569 0.18576 0.917188 1.195828 0.487619 0.684989 0.975238 0.708209 0.09288 0.429569 0.441179 0.812698 0.429569 0.359909 0.325079 0.952018,"exclude:low_SNR=5.8,dev=5.6"
000036,Pitching glass at the cornfield crows and folding clothes,p ɪ tʃ ʈʲ ɪ ŋ ɡ l a s SP a t SP ð a SP k ɒː n fʲ i ɫ d k ɹ əw z SP a n f əw ɫ dʲ ɪ ŋ SP k l əw ð z SP,0.09 0.16 0.07 0.06 0.03 0.9 0.03 0.03 0.03 0.03 1.21 0.03 0.03 0.13 0.05 0.03 0.23 0.09 0.48 0.12 0.12 0.35 0.22 0.09 0.08 0.05 1.01 0.1 0.38 0.04 0.07 0.13 0.36 0.03 0.03 0.07 0.85 0.03 0.07 0.04 0.71 0.19 0.03 0.24,6 4 1 2 1 2 1 7 4 1 2 6 1 5 1,rest F#3 E3 E3 E3 rest E3 F#3 E3 E3 rest E3 E3 E3 F#3 D#3 rest,0.10449 0.278639 0.952018 1.509297 0.1161 0.278639 0.2322 0.487619 0.754649 1.079728 0.684989 0.18576 0.2322 0.25542 0.777868 0.952018 0.24381,"exclude:low_SNR=2.8,dev=5.0"
000037,Like stubborn boys across the road,SP l aj k s t ɐ b ə n b ɔj z SP a k ɹ ɔ s ð a ɹ əw d SP,0.49 0.2 0.21 0.04 0.19 0.07 0.31 0.11 0.36 0.42 0.03 1.16 0.09 0.45 0.03 0.05 0.05 0.26 0.11 0.07 0.1 0.1 0.73 0.26 0.3,1 3 6 3 1 5 2 3 1,rest B2 B2 D#3 F#3 E3 E3 rest F#3 F#3 D#3 E3 rest,0.534059 0.17415 0.510839 0.1161 0.290249 0.812698 1.242268 0.545669 0.13932 0.336689 0.25542 1.010068 0.22059,
000038,We'll keep everything,SP ʋ ə l c iː p ɛ ɹ i θ ɪ ŋ SP,0.48 0.05 0.29 0.05 0.11 0.68 0.1 0.68 0.26 0.08 0.18 0.39 0.7 0.45,1 3 3 6 1,rest E3 F#3 G#3 G#3 D#3 D#3 D#3 rest,0.592109 0.394739 0.789478 0.1161 0.278639 0.487619 0.301859 1.114558 0.429569,
000039,Grandma's gun and the black bear claw,SP ɡ ɹ a n m a z ɡ ɐ n a n ð a b l a k b ɛ ɹ k l ɒ SP,0.07 0.04 0.05 0.35 0.08 0.03 0.77 0.1 0.13 0.06 0.03 0.5 1.01 0.03 0.03 0.18 0.06 0.17 0.1 0.1 0.55 0.35 0.13 0.04 0.72 0.35,1 7 3 2 2 4 3 3 1,rest E3 F#3 E3 E3 C3 F#3 E3 E3 rest,0.12771 0.15093 0.325079 1.010068 1.428027 0.429569 0.429569 1.044898 0.882358 0.20898,
000040,That took her dog,SP æ t ʈ ʊ k a d ɑ ɡ SP,0.46 0.07 0.1 0.09 0.21 0.15 0.89 0.14 0.83 0.1 0.4,1 2 3 1 3 1,rest rest E3 E3 F#3 E3 D#3 rest,0.510839 0.20898 0.359909 0.348299 0.673379 0.267029 0.882358 0.19737,
000041,When sister Laurie says Amen We won't hear anything,SP ʋ ɛ n s i s t a l ɒ ɹ i s e z SP a m ɛ n SP ʋ iː ʋ oː n ʈ ç i a ɛ ɲ i fʲ ɪ ŋ SP,0.49 0.03 0.03 0.42 0.08 0.03 0.06 0.03 0.03 0.03 0.03 0.03 0.03 0.03 0.46 0.22 0.25 3.36 0.12 0.34 0.23 0.4 0.04 0.06 0.1 0.26 0.1 0.03 0.03 0.24 1.31 0.04 0.08 0.13 0.11 0.34 0.64 0.15,1 3 5 4 3 1 4 1 2 4 3 6 1,rest B2 E3 F#3 rest E3 E3 F#3 E3 E3 rest E3 F#3 F#3 G#3 D#3 D#3 D#3 rest,0.766259 0.417959 0.17415 0.499229 0.441179 0.359909 1.718277 0.371519 1.021678 0.534059 0.626939 0.406349 0.801088 0.15093 0.313469 0.417959 0.24381 0.963628 0.16254,
000042,The ten-car trains will take that word That fledgling bird,SP ð a SP ʈ ɛ n k ɑː SP t ɹ e n z SP ʋ ɪ l SP ʈ eː k æ t ʋ ɜː ɖ SP æ t f l ɛ dʒ ʎ ɪ ŋ b aː d SP,0.07 0.04 0.03 0.11 0.04 0.27 0.14 0.08 0.56 0.35 0.07 0.05 0.85 0.28 0.03 0.32 0.03 0.03 0.03 0.09 0.08 0.45 0.03 0.73 0.03 0.05 1.07 0.12 0.3 0.06 0.21 0.11 0.08 0.17 0.14 0.06 0.71 0.23 0.05 0.86 0.04 0.92,1 2 1 3 2 1 5 1 3 1 3 2 3 1 2 7 3 1,rest F#3 E3 E3 rest E3 F#3 E3 rest D#2 E3 E3 F#3 E3 D#3 rest,0.301859 0.487619 0.986848 1.184218 0.603719 0.17415 0.325079 1.938866 0.371519 0.406349 0.313469 0.325079 0.719819 0.25542 1.149388 0.417959,"exclude:low_SNR=6.8,dev=3.9"
000043,And the fallen house across the way,SP a n ð a f ɒ l ə n h aw s a k ɹ ɔ s ð a ʋ eː SP,0.49 0.08 0.13 0.04 0.03 0.18 0.75 0.04 0.43 0.06 0.17 1.38 0.15 0.05 0.17 0.06 0.18 0.13 0.05 0.15 0.14 0.92 0.16,1 2 2 5 3 5 2 2 1,rest A#2 A#2 D#3 F#3 E3 E3 E3 B2 F#3 E3 E3 rest,0.534059 0.16254 0.25542 0.20898 0.24381 0.452789 0.383129 1.695057 0.2322 0.394739 0.313469 0.928798 0.13932,
000044,It'll keep everything,SP ɪ t ə ɫ c iː p ɛ ɹ i θ ɪ ŋ SP,0.48 0.24 0.03 0.08 0.03 0.13 0.64 0.11 0.65 0.3 0.04 0.14 0.36 0.85 0.42,1 4 3 6 1,rest E3 F#3 G#3 G#3 D#3 D#3 D#3 rest,0.545669 0.452789 0.754649 0.10449 0.278639 0.452789 0.25542 1.265488 0.394739,
000045,The baby's breath Our bravery wasted and our shame,SP ð a b e bʲ i z b ɹ ɛ t̪ SP a SP b ɹ e v ɛ ɹ i ʋ eː s ʈʲ ɪ ɖ a n SP a SP ʃ e m SP,0.49 0.11 0.03 0.13 0.37 0.08 0.76 0.09 0.11 0.07 0.16 0.03 0.03 1.38 0.05 0.04 0.13 0.22 0.08 0.06 0.23 0.54 0.23 1.29 0.21 0.06 0.13 0.05 0.28 0.09 0.03 0.76 0.03 0.19 0.6 0.28 0.37,1 2 5 4 1 1 1 7 6 2 1 1 1 3 1,rest G#2 F#3 E3 E3 B2 F#3 E3 E3 E3 E3 E3 E3 F#3 E3 D#3 rest,0.545669 0.2322 0.429569 0.975238 1.393197 0.371519 0.429569 0.24381 0.777868 1.625397 0.15093 0.359909 0.301859 0.719819 0.290249 0.684989 0.25542,
000046,And we'll undress beside the ashes of the fire,SP a n ʋ ə l ɐ n d ɹ ɛ s b ə s aj d ð a a ʃ ɛ z ɒ v ð a f aj a SP,0.62 0.03 0.3 0.06 0.09 0.06 0.61 0.15 0.05 0.05 0.22 0.16 0.09 0.1 0.12 0.97 0.03 0.03 0.03 0.26 0.13 0.17 0.07 0.26 0.06 0.05 0.11 0.14 0.78 0.12 0.44,1 2 3 6 5 2 4 2 2 3 1,rest G#2 B3 B3 B3 A3 A3 G#3 G#3 A3 G#3 A3 B3 G#3 rest,0.510839 0.522449 0.452789 0.452789 0.545669 0.2322 0.406349 0.17415 0.429569 0.429569 0.267029 0.325079 0.267029 0.870748 0.476009,
000047,Both our tender bellies wound in baling wire,SP b əw θ a ʈ ɛ n ɖ ə b ɛ ʎ i z ʋ aw n ɖ i n b e ʎ ɪ ŋ ʋ aj ə SP,0.34 0.03 0.03 0.03 0.03 0.14 0.23 0.08 0.04 0.16 0.12 0.34 0.09 0.34 0.05 0.03 1.55 0.04 0.03 0.05 0.13 0.04 0.33 0.07 0.09 0.04 0.08 0.83 0.49 0.48,1 3 1 5 5 4 2 5 3 1,rest G#3 B3 B3 B3 A3 G#3 G#3 A3 G#3 A3 G#3 G#3 G#3 G#3 G#3 F#3 rest,0.615329 0.325079 0.290249 0.1161 0.325079 0.394739 0.25542 0.1161 0.25542 0.24381 0.359909 0.383129 0.24381 0.371519 0.19737 0.487619 0.940408 0.406349,
000048,All the more a pair of underwater pearls,SP ɑː ɫ ð a m ɒː a p ɛː ɒ v SP ɐ n d ə w ɒː t ə p ɜː l z SP,0.6 0.4 0.05 0.09 0.1 0.12 0.64 0.29 0.13 0.49 0.06 0.04 0.04 0.71 0.09 0.04 0.16 0.05 0.33 0.06 0.16 0.12 1.24 0.74 0.04 0.21,1 2 2 2 1 2 2 1 8 4 1,rest F#3 G#3 B3 B3 A3 A3 G#3 G#3 A3 G#3 G#3 A3 B3 G#3 F#3 E3 rest,0.650159 0.20898 0.267029 0.2322 0.777868 0.290249 0.406349 0.2322 0.12771 0.278639 0.417959 0.267029 0.336689 0.290249 0.708209 0.18576 1.102948 0.22059,
000049,Than the oak tree and its resurrection fern,SP d̪ a n ð a əw k t ɹ iː SP a n i t s SP ɹ ɛ z ə ɹ ɛ c ʃ ə n SP f aː n SP,0.52 0.05 0.28 0.11 0.03 0.27 0.49 0.09 0.09 0.1 0.54 0.09 0.03 0.43 0.03 0.04 0.1 0.04 0.12 0.21 0.09 0.16 0.13 0.25 0.04 0.15 0.68 0.13 0.5 0.05 4.68 1.01 0.49,1 3 2 2 3 1 2 3 1 10 1 3 1,rest G3 E3 E3 F#3 E3 E3 D#3 E3 D#3 E3 F#3 G#3 rest G#3 F#3 E3 rest,0.568889 0.429569 0.22059 0.25542 0.476009 0.522449 0.313469 0.650159 0.325079 0.290249 0.441179 0.313469 0.510839 0.522449 0.487619 3.018594 2.240726 0.441179,
000050,In our days we will say What our ghosts will say,SP i n SP a SP d e z ʋ iː ʋ ɪ l s e SP ʋ ɒ ʈ a ɡ əw s t s ʋ ɪ l s e SP,0.72 0.49 0.16 0.03 0.66 0.03 0.1 1.47 0.08 0.1 0.41 0.03 0.5 0.31 0.28 0.78 0.39 0.05 0.03 0.03 1.01 0.17 0.49 0.04 0.09 0.03 0.12 0.05 0.13 0.2 1.73 0.46,1 2 1 1 1 3 2 3 2 1 3 1 5 3 2 1,rest E3 F#3 E3 E3 F#3 E3 E3 E3 rest E3 F#3 G#3 D#3 D#3 E3 D#3 rest,0.777868 0.22059 0.394739 0.801088 1.660227 0.464399 0.24381 0.812698 0.789478 0.441179 0.417959 0.801088 0.325079 0.359909 0.476009 0.417959 1.346757 0.417959,
000051,We gave the world what it saw fit,SP ʋ iː ɡ e v ð a ʋ ɜː l ɖ ʋ ɒ ʈ i t s ɒ fʲ i t SP,0.66 0.05 0.08 0.13 0.33 0.05 0.05 0.03 0.03 2.15 0.12 0.03 0.12 0.2 0.05 0.23 0.05 0.19 0.7 0.24 0.11 0.03 0.74,1 2 3 2 4 3 2 2 3 1,rest F#3 E3 A2 B2 F#3 E3 E3 rest,0.940408 0.394739 2.380045 0.12771 0.267029 0.417959 0.975238 0.371519 0.487619,
000052,And what'd we get?,SP a n ʋ ə ɖ ʋ iː ɡ ɛ t SP,0.71 0.05 0.11 0.06 0.22 0.03 0.11 0.89 0.11 0.63 0.03 0.68,1 2 3 2 3 1,rest E3 E3 F#3 E3 D#3 D#3 rest,0.917188 0.394739 0.24381 0.743039 0.20898 0.650159 0.1161 0.359909,
000053,Like stubborn boys with big green eyes We'll see everything,SP l aj k s t ɐ b ə n b ɔj z ʋ ɪ d̪ bʲ i ɡ ɟ ɹ i n aj z SP ʋ ə l s iː ɛ ɹ i θ ɪ ŋ SP,0.66 0.13 0.17 0.05 0.16 0.08 0.33 0.1 0.47 0.26 0.04 1.42 0.07 0.1 0.04 0.06 0.12 0.19 0.09 0.03 0.28 0.72 0.06 0.69 0.1 0.35 0.05 0.18 0.07 0.22 0.67 0.56 0.47 0.04 0.14 0.36 1.11 0.51,1 3 6 3 3 3 4 2 1 3 2 6 1,rest A#2 E3 F#3 E3 E3 A#2 F#3 E3 E3 E3 rest E3 F#3 G#3 D#3 D#3 E3 D#3 rest,0.696599 0.568889 0.13932 0.278639 0.766259 1.497687 0.313469 0.325079 0.25542 0.789478 0.777868 0.464399 0.406349 0.777868 0.313469 0.487619 0.348299 0.20898 1.253878 0.476009,
000054,In the timid shade of the autumn leaves And the buzzard's wing,SP i n ð a ʈ ɪ mʲ ɪ ɖ ʃ e d ɒ v ð a ɒ t ə m ʎ iː v z SP a n ð a b ɐ z ə d z ʋ ɪ ŋ SP,0.45 0.04 0.12 0.06 0.04 0.19 0.22 0.08 0.88 0.04 0.23 1.27 0.08 0.03 0.12 0.03 0.29 0.69 0.09 0.31 0.24 0.04 0.85 0.08 0.11 0.28 0.04 0.1 0.04 0.05 0.17 1.18 0.09 0.11 0.03 0.03 0.03 0.37 1.19 0.3,1 2 2 5 3 2 2 4 4 1 2 2 6 3 1,rest B2 F#3 E3 E3 A#2 B2 E3 F#3 E3 E3 E3 rest G2 E3 E3 F#3 E3 E3 D#3 D#3 rest,0.638549 0.278639 0.301859 1.126168 1.346757 0.18576 0.24381 0.18576 0.2322 0.417959 0.592109 1.010068 0.464399 0.24381 0.25542 0.313469 0.696599 0.20898 0.20898 1.149388 0.22059 0.267029,
000055,And we'll undress beside the ashes of the fire,SP a n ʋ ə l ɐ n d ɹ ɛ s b ə s aj d ð a a ʃ ɛ z ɒ v ð a f aj a SP,0.71 0.04 0.22 0.11 0.33 0.05 0.26 0.12 0.04 0.05 0.2 0.11 0.07 0.1 0.11 0.33 0.03 0.03 0.03 0.03 0.03 1.12 0.08 0.25 0.05 0.04 0.11 0.16 1.35 0.14 0.44,1 2 3 6 5 2 4 2 2 3 1,rest A#2 A3 B3 B3 B3 A3 A3 G#3 G#3 A3 G#3 A3 B3 G#3 rest,0.603719 0.476009 0.17415 0.22059 0.429569 0.406349 0.22059 0.383129 0.18576 0.452789 0.394739 0.278639 0.313469 0.278639 1.439637 0.487619,
000056,Both Our tender bellies are wound around in baling wire All the more a pair of underwater pearls Than the oak tree and its resurrection fern,SP b əw θ a ʈ ɛ n ɖ ə b ɛ ʎ i z a ʋ aw n ɖ a ɹ aw n d i n b e ʎ ɪ ŋ ʋ aj ə SP ɑː ɫ ð a m ɒː a SP p ɛː ɒ v SP ɐ n d ə w ɒː t ə p ɜː l z SP d̪ a n ð a əw k t ɹ iː SP a n i t s SP ɹ ɛ z ə ɹ ɛ c ʃ ə n SP f aː n SP,0.6 0.12 0.29 0.09 0.25 0.15 0.33 0.06 0.03 0.1 0.12 0.22 0.09 0.17 0.04 0.05 0.1 0.62 0.05 0.03 0.03 0.03 0.01 0.03 0.03 0.03 0.03 0.03 0.31 0.07 0.08 0.1 0.03 1.19 0.93 0.32 0.41 0.03 0.08 0.13 0.12 0.09 0.82 0.03 0.06 0.46 0.08 0.03 0.03 0.72 0.07 0.04 0.18 0.06 0.3 0.07 0.17 0.11 1.35 1.07 0.05 0.41 0.04 0.32 0.08 0.03 0.28 0.55 0.06 0.09 0.16 0.58 0.03 0.13 0.07 0.2 0.05 0.069999 0.320002 0.099998 0.230002 0.07 0.149999 0.14 0.210001 0.049999 0.149999 0.850001 0.16 0.479999 0.030001 0.34 5.780001 0.329999,1 3 1 5 5 1 4 5 2 5 3 1 2 2 2 1 1 2 2 1 8 4 1 3 2 2 3 1 2 3 1 10 1 3 1,rest G#3 B3 B3 A3 A3 G#3 A3 G#3 G#3 G#3 A3 B3 A3 G#3 F#3 rest F#3 G#3 B3 B3 A3 A3 G#3 A3 A3 G#3 G#3 A3 B3 G#3 F#3 E3 rest F#3 E3 E3 F#3 E3 D#3 rest E3 D#3 E3 F#3 G#3 rest A3 F#3 E3 rest,0.731429 0.371519 0.406349 0.406349 0.22059 0.301859 0.348299 0.371519 0.359909 0.22059 0.12771 0.2322 0.17415 0.290249 0.22059 1.695057 0.325079 0.2322 0.24381 0.25542 0.731429 0.278639 0.383129 0.24381 0.12771 0.25542 0.406349 0.301859 0.313469 0.278639 0.661769 0.2322 1.637007 0.394739 0.417959 0.441179 0.15093 0.417959 0.952018 0.301859 0.406349 0.325079 0.301859 0.406349 0.394739 0.650159 0.464399 0.452789 3.262404 2.507755 0.2322,"exclude:high_dev=13.8,SNR=9.4"
000057,Say something for the body buried by the riverbank Mother of a soldier a tree in a forest up in flames Black valley peace beneath the city Where the women hear the washboard rhythm in their bosom when they say,SP s e s ɐ m p m̩ f a ð a b ɑ dʲ i b ɛ ɹ i d b aj ð a ɹ ɪ v ə b a ŋ k m ɐ ð ə ɒ v a s ɒ l dʒ ə a SP t ɹ iː i n a SP f ɒ ɹ ɪ s t ɐ p i n f l e m z b l a k v a ʎ i SP p iː s b ɛ ɲ iː θ ð a s i tʲ i ʋ ɛː ð a ʋ ɪ m ə n ç i a ð a ʋ ɒ ʃ b ɒ ɹ d ɹ i ð a m i n ð ɚ b ʊ z ə m ʋ ɛ n ð e s e SP,0.47 0.12 0.25 0.2 0.24 0.05 0.03 0.18 0.03 0.24 0.06 0.09 0.09 0.25 0.08 0.31 0.2 0.39 0.19 0.03 0.06 0.03 0.26 0.07 0.12 0.06 0.2 0.06 0.11 0.11 0.22 0.04 0.03 0.21 0.24 0.06 0.37 0.03 0.06 0.05 0.16 0.19 0.03 0.09 0.15 0.16 0.11 0.09 0.05 0.4 0.03 0.07 0.24 0.16 0.04 0.13 0.1 0.11 0.08 0.06 0.15 0.07 0.03 0.12 0.08 0.07 0.33 0.17 0.08 0.08 0.04 0.23 0.06 0.13 0.27 0.05 0.2 0.31 0.07 0.3 0.1 0.08 0.12 0.1 0.17 0.08 0.06 0.04 0.15 0.24 0.04 0.11 0.09 0.22 0.07 0.06 0.13 0.23 0.07 0.09 0.05 0.07 0.17 0.04 0.07 0.05 0.13 0.21 0.09 0.06 0.14 0.11 0.03 0.17 0.03 0.03 0.24 0.21 0.13 0.06 0.04 0.15 0.13 0.18 0.06 0.08 0.120001 0.049999 0.129999 0.060001 0.039999 0.120001 0.129999 0.65 0.260001,1 2 5 2 2 4 5 2 2 8 4 2 1 5 1 1 3 2 1 1 6 2 2 5 4 4 1 3 5 2 4 2 2 5 3 2 7 5 2 2 5 3 2 2 1,rest C#3 E3 E3 F#3 E3 F#3 C#3 E3 E3 F#3 F#3 E3 E3 B2 C#3 E3 E3 F#3 E3 F#3 E3 C#3 E3 E3 F#3 G#3 F#3 F#3 E3 E3 F#3 F#3 F#3 C#3 rest E3 E3 F#3 F#3 E3 E3 C#3 C#3 E3 E3 F#3 E3 F#3 C#3 E3 F#3 F#3 A3 F#3 F#3 E3 E3 F#3 F#3 rest,0.603719 0.441179 0.313469 0.20898 0.290249 0.18576 0.336689 0.522449 0.476009 0.20898 0.325079 0.17415 0.267029 0.2322 0.09288 0.394739 0.313469 0.17415 0.278639 0.20898 0.313469 0.18576 0.12771 0.20898 0.510839 0.464399 0.20898 0.278639 0.22059 0.24381 0.18576 0.545669 0.452789 0.290249 0.18576 0.417959 0.476009 0.20898 0.313469 0.19737 0.278639 0.18576 0.290249 0.20898 0.301859 0.16254 0.325079 0.17415 0.359909 0.499229 0.452789 0.22059 0.301859 0.22059 0.25542 0.22059 0.267029 0.22059 0.336689 0.16254 0.19737,
000058,Give me Good legs,SP ɟ i v ɛ mʲ iː SP ɡ ʊ d l ɛ ɡ z SP,0.49 0.07 0.12 0.03 0.13 0.22 1.0 2.41 0.05 0.02 0.04 0.03 1.39 0.04 0.03 0.24,1 3 3 1 3 4 1,rest E3 F#3 rest E3 F#3 F#3,0.580499 0.476009 0.975238 2.507755 0.464399 1.137778 0.17415,
000059,And a Japanese car,SP a n a dʒ a p a ɲ iː z k ɑː SP,1.61 0.3 0.03 0.07 0.14 0.22 0.07 0.11 0.08 0.33 0.06 0.1 0.93 0.6,1 2 1 7 2 1,rest C#3 E3 E3 F#3 F#3 F#3,1.648617 0.487619 0.313469 0.18576 0.487619 1.044898 0.487619,
000060,And show me your road,SP a n ʃ əw ɛ mʲ iː j ɒ ɹ ɹ əw d SP,0.47 0.08 0.08 0.19 0.17 0.03 0.09 0.15 0.04 0.05 0.14 0.03 0.48 0.19 0.63,1 2 2 3 3 3 1,rest F2 B2 C#3 B2 A2 B2 C#3 rest,0.522449 0.313469 0.1161 0.13932 0.18576 0.278639 0.16254 0.673379 0.429569,
000061,Sing a song for the bodies buried by the interstate A well-dressed boy and a pig with a bullet in the brain Black valley peace beneath the city Where the white girls wander the strip mall singing all day,SP s ɪ ŋ a s ɑ ŋ f a ð a b ɑ dʲ i z b ɛ ɹ i d b aj ð a ɪ n ɚ s t ej t a ʋ ɛ l d ɹ ɛ s t b ɔj a n a SP p ɪ ɡ ʋ ɪ d̪ a b ʊ ʎ i t i n ð a b ɹ e n SP b l a k v a ʎ i SP p iː s b ɛ ɲ iː θ ð a s i tʲ i ʋ ɛː ð a ʋ aj ʈ ɡ aː ɫ z ʋ ɒ n ɖ ə ð a s t ɹ i p m a l s ɪ ɲ ɪ ŋ ɑː ɫ d ej SP,0.26 0.1 0.12 0.21 0.03 0.17 0.29 0.15 0.03 0.26 0.07 0.07 0.09 0.28 0.07 0.27 0.08 0.12 0.36 0.14 0.11 0.06 0.04 0.27 0.04 0.03 0.21 0.03 0.24 0.1 0.06 0.28 0.03 0.08 0.1 0.25 0.16 0.08 0.05 0.22 0.08 0.04 0.08 0.43 0.03 0.04 0.18 0.04 0.09 0.34 0.03 0.13 0.16 0.07 0.09 0.15 0.19 0.03 0.09 0.03 0.08 0.07 0.03 0.06 0.11 0.08 0.35 0.18 0.36 0.04 0.05 0.25 0.03 0.03 0.39 0.05 0.19 0.28 0.07 0.31 0.11 0.07 0.12 0.1 0.26 0.03 0.03 0.06 0.13 0.24 0.04 0.1 0.09 0.22 0.07 0.05 0.12 0.31 0.04 0.16 0.22 0.14 0.06 0.06 0.24 0.06 0.03 0.15 0.03 0.07 0.15 0.1 0.2 0.03 0.03 0.24 0.27 0.07 0.15 0.21 0.05 0.12 0.159999 0.300001 0.05 0.079999 0.790001 0.34,1 3 1 3 2 2 5 5 2 2 7 1 3 5 2 2 1 1 3 3 1 5 2 2 4 1 4 4 1 3 5 2 4 2 2 3 4 5 2 5 3 5 2 2 1,rest C#3 E3 F#3 E3 F#3 C#3 E3 E3 E3 F#3 F#3 E3 C#3 E3 F#3 F#3 E3 C#3 E3 F#3 F#3 A3 F#3 E3 E3 F#3 rest F#3 F#3 C#3 rest E3 E3 F#3 F#3 E3 E3 C#3 C#3 E3 F#3 F#3 E3 C#3 E3 F#3 A3 F#3 E3 E3 F#3 rest,0.371519 0.510839 0.487619 0.313469 0.17415 0.348299 0.476009 0.12771 0.348299 0.2322 0.325079 0.13932 0.534059 0.278639 0.557279 0.522449 0.325079 0.22059 0.313469 0.476009 0.25542 0.24381 0.18576 0.313469 0.19737 0.13932 0.452789 0.441179 0.452789 0.325079 0.19737 0.336689 0.499229 0.20898 0.313469 0.19737 0.278639 0.17415 0.301859 0.18576 0.499229 0.487619 0.325079 0.13932 0.383129 0.476009 0.499229 0.25542 0.267029 0.441179 0.18576 0.580499 0.359909,
000062,They sing Give me A juggernaut heart,SP ð e s ɪ ŋ ɟ i v ɛ mʲ iː SP a dʒ ɐ ɡ ɚ n ɑ t h ɑ ɹ t SP,0.56 0.07 0.05 0.18 0.25 0.14 0.07 0.11 0.03 0.18 0.2 1.0 2.14 0.06 0.17 0.25 0.05 0.1 0.11 0.34 0.03 0.12 0.72 0.03 0.03 0.83,1 2 3 3 3 1 1 7 4 1,rest C3 C#3 E3 F#3 rest G2 E3 E3 F#3 E3 F#3 rest,0.603719 0.25542 0.476009 0.499229 0.940408 2.229116 0.22059 0.290249 0.19737 0.383129 0.1161 1.242268 0.371519,
000063,And a Japanese car And someone to free,SP a n a dʒ a p a ɲ iː z k ɑː a n SP s ɐ m w ɐ n ə f ɹ iː SP,0.48 0.34 0.05 0.04 0.16 0.21 0.07 0.12 0.08 0.31 0.08 0.1 0.54 0.04 0.39 1.55 0.22 0.16 0.06 0.03 0.1 0.12 0.04 0.17 0.09 0.85 0.33,1 2 1 7 2 2 1 6 1 3 1,rest C3 E3 E3 F#3 F#3 rest E3 C#3 C#3 B2 A2 C#3 C#3 rest,0.522449 0.534059 0.301859 0.19737 0.476009 1.021678 1.393197 0.336689 0.1161 0.12771 0.19737 0.24381 0.16254 0.754649 0.336689,
000064,Say a prayer for the body buried like a keepsake Mother of a million mouths with the very same name Black valley peace beneath the city Where the women get the weather but never ever tell you what they pray,SP s e a p ɹ e a f a ð a b ɑ dʲ i b ɛ ɹ i d l aj k a c iː p s e k m ɐ ð ə ɒ v a mʲ i l u n SP m aw d̪ z ʋ ɪ d̪ ð a v ɛ ɹ i s e m n e m b l a k v a ʎ i SP p iː s b ɛ ɲ iː θ ð a s i tʲ i ʋ ɛː ð a ʋ ɪ m ə n ɡ ɛ t ð a ʋ ɛ d̪ ə SP b a t n ɛ v a ɛ ə ʈ ɛ l j ə ʋ ɒ ʈ ð e p ɹ e SP,0.17 0.06 0.31 0.08 0.12 0.05 0.23 0.12 0.09 0.26 0.06 0.1 0.08 0.24 0.06 0.35 0.15 0.39 0.15 0.06 0.03 0.07 0.18 0.11 0.07 0.12 0.24 0.06 0.19 0.3 0.03 0.18 0.23 0.06 0.38 0.04 0.06 0.08 0.12 0.12 0.05 0.18 0.1 0.29 0.06 0.42 0.03 0.05 0.05 0.13 0.03 0.04 0.1 0.14 0.19 0.07 0.11 0.1 0.35 0.12 0.03 0.42 0.25 0.03 0.05 0.23 0.03 0.14 0.26 0.07 0.18 0.32 0.03 0.36 0.07 0.07 0.12 0.08 0.24 0.03 0.04 0.06 0.15 0.24 0.03 0.11 0.1 0.21 0.05 0.09 0.11 0.22 0.07 0.07 0.05 0.06 0.24 0.03 0.05 0.08 0.11 0.22 0.04 0.17 0.03 0.03 0.06 0.04 0.21 0.18 0.04 0.23 0.17 0.25 0.16 0.17 0.03 0.12 0.15 0.03 0.129999 0.060002 0.029998 0.180001 0.069999 0.120001 0.91 0.35,1 2 1 4 2 2 4 5 3 1 6 4 2 1 5 1 4 3 2 4 3 3 4 4 1 3 5 2 4 2 2 5 3 2 4 1 3 4 2 3 2 3 2 3 1,rest C#3 C#3 E3 F#3 E3 F#3 C#3 E3 E3 F#3 F#3 E3 C#3 C#3 E3 E3 F#3 E3 F#3 D3 rest E3 F#3 F#3 A3 F#3 F#3 E3 E3 F#3 F#3 F#3 C#3 rest E3 E3 E3 F#3 F#3 E3 E3 C#3 C#3 E3 E3 F#3 E3 F#3 E3 C#3 E3 E3 F#3 F#3 A3 F#3 E3 E3 E3 F#3 rest,0.267029 0.267029 0.22059 0.487619 0.301859 0.18576 0.313469 0.499229 0.499229 0.17415 0.313469 0.18576 0.487619 0.12771 0.371519 0.301859 0.18576 0.290249 0.19737 0.267029 0.17415 0.371519 0.476009 0.22059 0.278639 0.20898 0.267029 0.2322 0.267029 0.20898 0.499229 0.441179 0.313469 0.16254 0.406349 0.17415 0.313469 0.18576 0.313469 0.20898 0.290249 0.17415 0.290249 0.19737 0.290249 0.17415 0.313469 0.18576 0.278639 0.2322 0.313469 0.2322 0.313469 0.19737 0.267029 0.313469 0.267029 0.313469 0.17415 0.16254 0.743039 0.371519,
000065,They pray give me A yellow brick road,SP ð e p ɹ e ɟ i v ɛ mʲ iː SP a j ɛ l əw b ɹ i k ɹ əw d SP,0.42 0.05 0.07 0.11 0.14 0.23 0.13 0.06 0.03 0.19 0.2 0.95 2.2 0.06 0.19 0.22 0.08 0.12 0.07 0.08 0.15 0.06 0.04 1.21 0.08 0.52,1 2 3 3 3 1 1 4 4 3 1,rest C3 C#3 E3 F#3 rest F#2 E3 E3 F#3 E3 F#3 F#3 rest,0.464399 0.22059 0.476009 0.476009 0.893968 2.298776 0.22059 0.278639 0.2322 0.267029 0.20898 1.079728 0.19737 0.348299,
000066,And a Japanese car And benevolent change,SP a n a dʒ a p a ɲ iː z k ɑː a n SP b ə n ɛ v ə l ə n t tʃ e n dʒ SP,0.45 0.31 0.04 0.06 0.13 0.23 0.07 0.12 0.07 0.3 0.08 0.1 0.56 0.24 0.35 1.16 0.1 0.07 0.15 0.21 0.04 0.13 0.04 0.11 0.06 0.03 0.12 0.46 0.67 0.03 0.49,1 2 1 7 2 2 1 10 4 1,rest C#3 E3 E3 F#3 F#3 rest F#2 F#2 B2 C#3 C3 A2 C#3 rest,0.510839 0.476009 0.313469 0.18576 0.476009 1.126168 1.126168 0.15093 0.2322 0.13932 0.1161 0.16254 0.325079 1.265488 0.383129,
000067,I was a quick wet boy Diving too deep,SP aj ʋ ɒ z a SP cʷ i k SP ʋ ɛ ʈ SP b ɔj d aj v ɪ ŋ ʈ ʉː dʲ iː p SP,0.18 0.39 0.11 0.38 0.07 0.06 0.29 0.07 0.25 0.13 0.88 0.11 0.24 0.08 0.77 0.11 0.06 0.03 1.72 0.03 0.03 0.08 0.12 0.26 0.14 0.41 0.15 0.18,1 1 3 1 1 3 1 3 1 2 5 2 3 1,rest F3 F#3 G#3 A3 A3 B3 rest B3 rest B3 B3 B3 A3 G#3 G#3 rest,0.24381 0.24381 0.24381 0.394739 0.18576 0.24381 0.301859 1.068118 0.290249 0.905578 1.207438 0.1161 0.336689 0.417959 0.417959 0.510839 0.20898,
000068,for coins all of your streetlight eyes wide on my plastic,SP f a SP k ɔj n z ɑː ɫ ɒ v j ɒ ɹ s t ɹ iː t l aj t aj z SP ʋ aj ɖ a n m ɑ p l a s tʲ i k SP,0.17 0.03 1.0 0.11 0.08 0.38 0.82 0.06 0.27 0.08 0.03 0.31 0.14 0.04 0.04 0.21 0.08 0.1 1.01 0.05 0.05 0.04 0.03 1.74 0.03 0.55 0.04 0.37 0.05 0.21 0.13 0.04 0.7 0.11 0.03 0.57 0.22 0.09 0.27 0.06 0.28,1 2 1 4 2 2 3 8 2 1 3 2 2 7 1,rest G#3 G#3 G#3 G3 G#3 F#3 E3 E3 E3 E3 C#3 rest D#3 F#3 G#3 F#3 F#3 F#3 rest,0.20898 1.021678 0.16254 1.253878 0.10449 0.278639 0.383129 0.452789 1.230658 1.195828 0.22059 0.394739 0.626939 0.371519 0.383129 0.19737 0.626939 0.905578 0.336689 0.267029,
000069,toys and Then when the cops closed the fair I cut my long baby hair Stole me a dog-eared map,ʈ ɔj z a n ð ə n ʋ ɛ n ð a SP k ɒ p s SP k l əw z d ð a f ɛ ɹ aj k ə ʈ m ɑ l ɒ ŋ SP b e bʲ i h ɛ ɹ SP s t əw ɫ ɛ mʲ iː a d ɑ ɡ i a d m a p SP,0.07 0.4 0.03 0.05 0.68 0.03 0.22 0.17 0.05 0.26 0.09 0.04 0.24 0.08 0.07 0.34 0.14 0.23 0.45 0.06 0.07 0.64 0.06 0.03 0.03 0.06 0.14 0.78 0.03 0.78 0.15 0.17 0.04 0.14 0.38 0.03 0.45 0.19 0.47 0.07 0.33 0.03 0.42 0.05 0.83 0.23 0.18 0.18 0.13 0.2 0.1 0.03 0.09 0.42 0.03 0.1 0.82 0.03 0.03 0.03 0.03 1.65 0.18 0.03 0.28,3 2 3 3 2 1 4 1 5 2 3 1 3 2 3 1 4 3 1 4 3 1 3 3 3 1,F#3 F#3 F#3 G#3 A3 B3 rest A3 B3 B3 B3 G#3 B3 A3 G#3 G#3 rest F#3 G#3 G#3 F#3 G#3 E3 G#3 F#3 E3 E3 E3 E3 D3 rest,0.08127 1.184218 0.429569 0.383129 0.406349 0.441179 0.777868 0.383129 0.429569 0.22059 1.265488 0.10449 0.359909 0.348299 0.417959 0.661769 0.545669 0.325079 0.476009 0.1161 0.12771 0.859138 0.452789 0.417959 0.336689 0.20898 1.439637 1.160998 0.13932 0.290249 0.05805,
000070,And called for you everywhere,SP a n SP k ɒː l ɖ f a j ə ɛ ɹ i w ɛ ɹ SP,0.41 0.03 0.06 0.21 0.09 0.25 0.07 0.03 0.09 0.21 0.36 1.42 0.03 0.05 0.97 0.16 0.37 0.33 0.35,1 2 1 4 2 2 6 1,rest E3 F#3 G#3 F#3 F#3 F#3 F#3 rest,0.801088 0.441179 0.394739 0.22059 0.603719 0.801088 1.219048 0.893968 0.1161,
000071,Have I found you,SP a v aj f aw n d j ə SP,0.51 0.15 0.03 2.25 0.03 0.04 0.03 0.03 0.03 0.03 0.81,1 2 1 4 2 1,rest B3 B3 B3 E4 F#4 F#4 F#4 G#4 G#4,0.592109 0.20898 0.2322 0.812698 0.13932 0.534059 0.16254 0.417959 0.383129 0.464399,
000072,flightless bird?,SP f l aj t l ə s b aː d SP,0.62 0.12 0.04 3.52 0.03 0.03 0.03 0.03 0.03 0.03 0.03 0.24,1 7 3 1,rest F#4 F#4 G#4 F#4 E4 rest,0.766259 0.15093 1.056508 1.277098 0.25542 0.870748 0.383129,"exclude:low_SNR=6.6,dev=2.4"
000073,Jealous wee,dʒ ɛ l ə s SP ʋ iː SP,0.12 0.19 1.05 0.08 0.03 3.6 0.09 1.59 0.41,5 1 2 1,rest A#3 C#4 E4 E4 E4 rest D#4 D#4,0.1161 0.13932 1.102948 1.637007 0.15093 0.940408 1.079728 1.637007 0.359909,
000074,pin' Or lost you,SP p ɪ n ɒ ɹ l ɒ s t j ə SP,0.33 0.03 0.03 0.03 0.03 1.43 0.16 0.53 0.05 0.25 0.03 0.4 0.82,1 3 2 4 2 1,rest F#4 E4 E4 F#4 F#4 F#4 G#4,0.371519 0.661769 0.20898 0.789478 0.847528 0.464399 0.13932 0.638549,
000075,American mouth? big pill ,SP a m ɛ ɹ i k a n SP m aw d̪ SP bʲ i ɡ SP p ɪ l SP,0.46 0.05 0.17 0.13 1.09 0.21 0.11 0.24 0.03 0.61 0.03 0.8 0.03 1.74 0.03 1.06 0.04 0.1 0.06 0.06 0.1 1.5,1 8 1 3 1 3 1 3 1,rest E3 F#4 F#4 F#4 G#4 E4 F#4 E4 rest C#4 C#4 C#4 E4,0.476009 0.2322 1.207438 0.313469 0.267029 0.325079 0.313469 0.22059 1.671837 0.719819 1.102948 0.16254 0.12771 1.509297,"exclude:low_SNR=3.2,dev=4.7"
000076,oh loomin',SP əw SP l uː mʲ ɪ ŋ SP,2.17 1.16 1.05 0.1 0.14 0.08 0.04 0.7 0.35,1 1 1 5 1,E4 E4 rest D#4 rest B3 B3 B3,0.905578 0.661769 0.603719 1.683447 0.557279 0.301859 0.789478 0.278639,
000077,Now I'm a fat house cat,SP n aw SP aj m a f a t SP h aw s SP cʰ æ t SP,0.04 0.03 1.06 0.23 0.3 0.03 0.03 0.03 0.03 0.03 0.74 0.05 0.53 0.22 0.48 0.06 0.5 0.08 0.48,1 2 1 2 1 3 1 3 1 3 1,F#3 F#3 G#3 A3 B3 rest B3 rest B3 rest,0.09288 0.487619 0.383129 0.441179 0.464399 0.743039 0.626939 0.661769 0.580499 0.476009,
000078,Nursing my sore blunt tongue Watching the warm poison rats,SP n aː s i ŋ ɡ m ɑ s ɒ ɹ b l ɐ n t SP ʈ ə ŋ ʋ ɒ tʃ ɪ ŋ ð a ʋ ɒː m SP p ɔj z ə n ɹ a t s SP,0.06 0.12 0.27 0.15 0.23 0.01 0.03 0.1 0.19 0.23 1.02 0.03 0.13 0.08 0.34 0.14 0.04 0.62 0.06 0.47 0.68 0.04 0.24 0.22 0.05 0.26 0.03 0.03 0.13 0.63 0.75 0.03 0.03 0.72 0.08 0.03 0.26 0.1 0.06 0.03 0.03 0.69,1 6 2 3 5 1 3 5 2 3 1 5 4 1,rest B3 A3 G#3 G#3 G#3 rest G#3 E3 G#3 F#3 E3 E3 E3 E3 C#3 rest,0.18576 0.417959 0.359909 0.429569 1.184218 0.557279 0.719819 0.801088 0.417959 0.441179 0.325079 1.613787 0.789478 0.348299 0.16254 0.301859 0.394739,
000079,Curl through the wide fence cracks Pissing on magazine photos Those fishing lures Thrown in the cold and clean Blood of Christ mountain stream Have I found you,k ɜː l t̪ ɹ ə f ð a SP ʋ aj ɖ f ɛ n s SP c ɹ æ k s SP p ɪ s ɪ ŋ a n m a ɡ a z iː n f əw t əw z ð əw z SP fʲ ɪ ʃ ɪ ŋ l ɒ ɹ z SP t̪ ɹ oː n i n ð a k oː l ɖ a n c ʎ i n SP b l ɐ d ɒ v k ɹ aj s t m aw n t ə n s t ɹ iː m SP a v aj f aw n d j ə SP,0.06 0.25 0.06 0.09 0.04 0.21 0.03 0.09 0.71 0.03 0.03 0.67 0.09 0.11 0.35 0.13 0.03 0.6 0.06 0.04 0.63 0.11 0.1 0.28 0.07 0.26 0.13 0.03 0.03 0.65 0.1 0.03 2.23 0.03 0.03 0.03 1.01 0.09 0.14 0.36 0.04 0.21 0.04 0.12 0.35 0.05 0.36 0.03 0.62 0.2 0.12 0.07 0.03 0.13 1.52 0.09 0.27 0.04 0.07 0.28 0.07 0.19 0.13 0.05 0.03 0.17 1.169999 0.140002 0.039999 0.78 0.22 0.08 0.12 0.190001 0.429998 0.380001 0.039999 0.060002 0.17 0.049999 0.17 0.09 0.07 0.040001 0.58 0.029999 0.03 0.22 0.630001 0.119999 0.059999 0.690001 0.159999 0.190001 0.1 0.109999 0.280001 0.75 0.380001 0.119999 0.03 2.350001 0.029999 0.01 0.030001 0.029998 0.030001 0.030001 0.649999,3 4 2 1 3 4 1 5 1 5 2 7 5 3 1 5 4 1 4 2 2 4 2 4 1 4 2 5 6 5 1 2 1 4 2 1,D#3 E3 F#3 G#3 F#3 F#3 F#3 rest F#3 rest F#3 F#3 G#3 A3 B3 B3 B3 B3 B3 A3 G#3 rest G#3 G#3 G#3 rest F#3 G#3 F#3 F#3 E3 E3 E3 E3 C#3 rest E3 F#3 G#3 G#3 A3 F#3 F#3 F#3 rest A#3 B3 B3 E4 F#4 F#4 G#4 rest,0.08127 0.394739 0.348299 0.17415 0.650159 0.835918 0.476009 0.696599 0.754649 0.464399 0.13932 0.2322 0.417959 0.441179 0.12771 1.068118 1.172608 1.184218 0.371519 0.383129 0.394739 0.429569 0.801088 1.102948 0.801088 0.383129 0.1161 0.290249 0.278639 0.290249 1.335147 1.102948 0.09288 0.17415 0.464399 0.476009 0.20898 0.359909 0.882358 0.10449 0.301859 0.406349 1.149388 1.114558 0.441179 0.20898 0.2322 0.789478 0.12771 0.696599 0.417959 0.359909 0.441179,
000080,flightless bird?,SP f l aj t l ə s b aː d SP,0.73 0.09 0.03 3.04 0.03 0.03 0.03 0.03 0.03 0.03 0.03 0.38,1 7 3 1,rest F#4 F#4 G#4 F#4 E4 rest,0.824308 0.15093 1.056508 1.137778 0.278639 0.684989 0.348299,
000081,Grounded bleeding Or lost you,SP ɡ ɹ aw n d ɛ d SP b ʎ iː dʲ ɪ ŋ SP ɒ ɹ l ɒ s t SP j ə SP,0.51 0.06 0.05 0.92 0.17 0.03 0.08 0.03 3.32 0.03 0.07 1.21 0.03 0.03 0.03 2.9 0.03 0.03 0.03 0.59 0.03 0.03 0.89 0.04 0.34 0.81,1 7 1 6 1 2 4 1 2 1,rest C#4 E4 E4 rest D#4 E4 F#4 F#4 E4 F#4 F#4 G#4 G#4,0.592109 1.137778 0.1161 0.975238 2.438095 2.240726 1.195828 0.12771 0.731429 0.766259 0.801088 0.417959 0.24381 0.499229,"exclude:low_SNR=6.9,dev=1.7"
000082,American mouth?,SP a m ɛ ɹ i k a n SP m aw d̪ SP,0.78 0.03 0.16 0.95 0.2 0.23 0.09 0.03 0.03 0.82 0.03 1.04 0.03 0.86,1 8 1 3 1,rest F#4 F#4 F#4 F#4 G#4 E4 F#4 E4 rest,0.975238 1.126168 0.20898 0.13932 0.336689 0.325079 0.24381 0.2322 1.567347 0.12771,"exclude:low_SNR=5.9,dev=2.8"
000083,Big pill,SP bʲ i ɡ p ɪ l SP,0.36 0.05 1.12 0.03 0.03 0.03 0.06 0.99,1 3 3 1,rest C#4 E4 E4 rest,0.417959 1.184218 0.12771 0.499229 0.441179,"exclude:low_SNR=6.1,dev=2.8"
000084,stuck goin',SP s t ɐ k SP ɡ ɔj ŋ SP,0.42 0.15 0.08 0.03 0.03 2.31 0.12 0.05 0.03 2.67,1 4 1 3 1,rest D#4 rest E4 rest F#4 rest,0.650159 0.986848 1.462857 0.766259 0.754649 0.963628 0.301859,"exclude:low_SNR=3.8,dev=1.4"
000085,down,SP d aw n SP,0.31 0.03 0.53 0.03 0.95,1 3 1,rest E4,0.336689 1.520907,
000086,Dreaming again of a train track ending at the edge of the sea,SP d ɹ iː mʲ i ŋ ɡ a ɡ e n ɒ v a t ɹ e n t ɹ a k SP ɛ n dʲ ɪ ŋ a t ð a ɛ dʒ ɒ v ð a s iː SP,0.48 0.03 0.03 0.08 0.08 0.12 0.01 0.05 0.07 0.13 0.32 0.03 0.16 0.03 0.04 0.15 0.05 0.23 0.05 0.06 0.03 0.23 0.08 0.03 0.3 0.07 0.04 0.13 0.06 0.13 0.03 0.04 0.03 0.26 0.06 0.11 0.03 0.04 0.04 0.16 1.01 0.29,1 7 4 2 1 4 4 1 5 2 2 2 2 2 2 1,rest A#3 A#3 A#3 A#3 B3 C#4 C#4 C#4 A#3 A#3 G#3 G#3 A#3 F#3 rest,0.684989 0.19737 0.20898 0.348299 0.371519 0.16254 0.2322 0.394739 0.371519 0.18576 0.22059 0.336689 0.1161 0.267029 0.986848 0.325079,
000087,Dog at the barbed wire barking at my buzz cut friends and me,SP d ɑ ɡ a t ð a b a b d ʋ aj ə b a c i ŋ ɡ a t m ɑ b ɐ z k ə ʈ f ɹ ɛ n d z a n ɛ mʲ iː SP,0.5 0.03 0.15 0.07 0.04 0.07 0.04 0.05 0.15 0.29 0.04 0.03 0.03 0.22 0.04 0.09 0.26 0.13 0.13 0.01 0.03 0.11 0.03 0.05 0.08 0.11 0.2 0.07 0.11 0.19 0.11 0.06 0.05 0.16 0.11 0.03 0.04 0.08 0.05 0.03 0.07 0.86 0.38,1 3 2 2 4 3 6 2 2 3 3 6 2 3 1,rest rest A#3 A#3 A#3 A#3 B3 C#4 C#4 C#4 C#4 C#4 C#4 A#3 G#3 A#3 F#3 rest,0.534059 0.20898 0.15093 0.20898 0.383129 0.359909 0.16254 0.2322 0.16254 0.18576 0.19737 0.13932 0.25542 0.348299 0.383129 0.2322 0.847528 0.394739,
000088,No one on the corner had a quarter for the telephone,SP n əw ʋ ɒ n a n ð a k ɒː n ə h a d a kʰ ɒ ɹ t ɚ f a ð a ʈ ɛ l ə f oː n SP,0.48 0.19 0.14 0.03 0.11 0.1 0.15 0.03 0.04 0.03 0.13 0.18 0.04 0.08 0.12 0.14 0.03 0.04 0.14 0.13 0.03 0.03 0.05 0.11 0.18 0.04 0.05 0.12 0.16 0.04 0.06 0.13 0.69 0.29 0.4,1 2 3 2 2 4 3 1 5 2 2 7 1,rest E3 E3 D#3 E3 D#3 E3 E3 G#3 G#3 G#3 G3 G#3 A#3 A#3 B3 A#3 rest,0.684989 0.359909 0.18576 0.20898 0.20898 0.15093 0.20898 0.19737 0.10449 0.24381 0.18576 0.20898 0.16254 0.22059 0.1161 0.12771 0.719819 0.417959,
000089,"Everybody bitching, there's nothing on the radio",SP ɛ ɹ i b ə dʲ i b ɪ tʃ ɪ ŋ ð ɛ ɹ z n ɐ θ ɪ ŋ a n ð a ɹ e dʲ i o SP,0.49 0.15 0.11 0.07 0.13 0.19 0.03 0.04 0.13 0.13 0.07 0.07 0.06 0.03 0.04 0.04 0.04 0.09 0.28 0.04 0.03 0.03 0.28 0.03 0.03 0.09 0.08 0.15 0.05 0.2 0.74 0.51,1 7 5 4 5 2 2 5 1,rest G#2 E3 E3 F#3 E3 F#3 G#3 G#3 G#3 A#3 G#3 F#3 F#3 rest,0.534059 0.20898 0.20898 0.406349 0.19737 0.348299 0.12771 0.22059 0.16254 0.20898 0.16254 0.22059 0.16254 0.777868 0.510839,
000090,Dreaming again of a city full of fathers in their army clothes,SP d ɹ iː mʲ i ŋ ɡ a ɡ e n ɒ v a s i tʲ i f ʊ l ɒ v f a ð a z i n ð ɚ a mʲ iː k l əw ð z SP,0.69 0.06 0.03 0.09 0.07 0.12 0.01 0.05 0.07 0.12 0.33 0.04 0.14 0.03 0.05 0.16 0.03 0.03 0.06 0.03 0.4 0.03 0.25 0.09 0.03 0.21 0.04 0.11 0.05 0.13 0.04 0.03 0.03 0.26 0.06 0.05 0.1 0.04 0.87 0.03 0.26 0.25,1 7 4 2 1 4 3 2 5 2 2 3 5 1,rest F3 A#3 A#3 A#3 A#3 C#4 C#4 C#4 C#4 A#3 A#3 G#3 A#3 F#3 rest,0.766259 0.16254 0.18576 0.19737 0.383129 0.359909 0.16254 0.417959 0.383129 0.2322 0.17415 0.17415 0.359909 0.17415 1.044898 0.383129,
000091,All of us lost at the crosswalk waiting for the other to go,SP ɑː ɫ ɒ v a s l ɒ s t a t ð a k ɹ ɒ s ʋ ɒː k ʋ eː ʈʲ ɪ ŋ f a ð a ɐ ð ə ə ɡ əw SP,0.7 0.17 0.08 0.1 0.07 0.08 0.06 0.08 0.21 0.09 0.05 0.12 0.04 0.03 0.04 0.13 0.05 0.22 0.13 0.04 0.23 0.08 0.04 0.25 0.04 0.05 0.16 0.05 0.19 0.04 0.2 0.26 0.09 0.03 0.03 0.14 0.81 0.49,1 2 2 2 4 2 2 7 5 2 2 3 1 2 1,rest A#3 A#3 A#3 A#3 G#3 E3 B3 C#4 C#4 A#3 A#3 G#3 G#3 G#3 A#3 F#3 rest,0.743039 0.19737 0.18576 0.22059 0.348299 0.20898 0.17415 0.17415 0.301859 0.580499 0.25542 0.22059 0.13932 0.20898 0.19737 0.19737 0.801088 0.510839,
000092,Someone bet a dollar that my daddy wasn't coming home,SP s ɐ m w ɐ n b ɛ t a d ɑ l ɚ æ t m ɑ d a dʲ i ʋ ɒ z ə n ʈ k ə mʲ ɪ ŋ ç uː m SP,0.55 0.15 0.08 0.05 0.04 0.06 0.09 0.03 0.17 0.04 0.06 0.12 0.17 0.06 0.18 0.1 0.03 0.05 0.06 0.11 0.16 0.03 0.11 0.05 0.18 0.05 0.04 0.06 0.03 0.03 0.16 0.04 0.09 0.05 0.07 0.55 0.77 0.36,1 6 3 1 4 2 2 4 6 5 3 1,rest F3 E3 D#3 E3 D#3 E3 F#2 G#2 G#3 G#3 F#3 G#3 A#3 A#3 A#3 A#3 rest,0.708209 0.348299 0.19737 0.18576 0.22059 0.16254 0.20898 0.17415 0.09288 0.278639 0.16254 0.20898 0.18576 0.15093 0.15093 0.19737 1.033288 0.359909,
000093,"Everybody bitching, there's nothing on the radio",SP ɛ ɹ i b ə dʲ i b ɪ tʃ ɪ ŋ ð ɛ ɹ z n ɐ θ ɪ ŋ a n ð a ɹ e dʲ i o SP,0.68 0.13 0.11 0.08 0.13 0.19 0.03 0.05 0.12 0.11 0.08 0.08 0.06 0.03 0.05 0.03 0.05 0.09 0.25 0.03 0.03 0.04 0.32 0.03 0.04 0.05 0.09 0.16 0.04 0.21 1.22 0.43,1 7 5 4 5 2 2 5 1,rest A2 E3 E3 F#3 E3 E3 F#3 G#3 G#3 G#3 A#3 G#3 F#3 F#3 rest,0.719819 0.19737 0.22059 0.394739 0.18576 0.16254 0.22059 0.13932 0.20898 0.17415 0.20898 0.13932 0.22059 0.17415 1.184218 0.499229,
000094,[Vocalizing],,,,,,
000095,Dreaming again that it's freezing and my mother's in her flowerbed,SP d ɹ iː mʲ i ŋ ɡ a ɡ e n æ t ɪ s f ɹ iː z ɪ ŋ a n m ɑ m ɐ ð ə z i n a f l aw a b ɛ d SP,0.45 0.06 0.03 0.09 0.26 0.12 0.01 0.05 0.26 0.03 0.03 0.04 0.17 0.03 0.05 0.04 0.09 0.1 0.23 0.06 0.15 0.03 0.13 0.03 0.04 0.11 0.07 0.16 0.03 0.12 0.05 0.16 0.04 0.08 0.07 0.04 0.25 0.03 0.1 0.69 0.07 0.65,1 7 4 2 2 6 2 2 5 2 1 7 1,rest A#3 A#3 A#3 A#3 C#4 C#4 C#4 C#4 C#4 C#4 A#3 A#3 G#3 G#3 A#3 F#3 rest,0.696599 0.18576 0.18576 0.371519 0.383129 0.17415 0.19737 0.19737 0.18576 0.18576 0.16254 0.19737 0.18576 0.17415 0.22059 0.19737 0.928798 0.476009,
000096,Changing her face like a shadow on the gravel this is what she said,SP tʃ e n dʒ i ŋ ɡ a f e s l aj k a ʃ a d əw a n ð a ɡ ɹ a v ə ɫ d̪ ɪ s i z ʋ ɒ ʈ ʃ i s aj d SP,0.7 0.05 0.13 0.04 0.03 0.12 0.01 0.03 0.09 0.11 0.24 0.07 0.07 0.15 0.03 0.04 0.15 0.33 0.03 0.19 0.13 0.04 0.03 0.06 0.08 0.04 0.18 0.03 0.03 0.1 0.04 0.12 0.04 0.13 0.03 0.06 0.26 0.03 0.22 0.43 0.16 5.82 0.03 0.37,1 7 1 3 3 1 4 2 2 6 3 2 3 2 3 1,rest G#3 A#3 A#3 A#3 G#3 F#3 B3 C#4 C#4 C4 A#3 A#3 G#3 G#3 G#3 A#3 A#3 A#3 G#3 G#3 F#3 G#3 F#3 G#3 F#3 G#3 G#3 B3 B3 B3 A#3 B3 C#4 B3 A#3 rest,0.754649 0.20898 0.15093 0.19737 0.383129 0.13932 0.2322 0.13932 0.592109 0.17415 0.17415 0.2322 0.15093 0.25542 0.476009 0.18576 0.406349 0.1161 1.219048 0.522449 0.18576 0.19737 0.20898 0.16254 0.22059 0.16254 0.2322 0.15093 0.18576 0.19737 0.20898 0.18576 0.383129 0.19737 0.267029 0.801088 0.406349,
000097,"No one lives forever, and the devil never sleeps alone",SP n əw ʋ ɒ n l aj v z f ɔ ɹ ɛ v a a n ð a d ɛ v ə ɫ n ɛ v a s ʎ iː p s a l o n SP,0.66 0.03 0.03 0.03 0.03 0.09 0.05 0.26 0.05 0.03 0.03 0.03 0.03 0.04 0.11 0.03 0.03 0.17 0.08 0.04 0.03 0.49 0.03 0.1 0.07 0.07 0.04 0.03 0.25 0.03 0.03 0.11 0.03 0.03 0.03 0.03 0.78 0.38 0.47,1 2 3 4 6 2 2 5 4 5 4 1,rest A#2 D#3 D#3 F#3 E3 E3 G#3 G#3 G#3 A#3 G#3 F#3 F#3 rest,0.545669 0.15093 0.22059 0.394739 0.19737 0.16254 0.22059 0.336689 0.18576 0.22059 0.17415 0.22059 0.18576 1.172608 0.499229,
000098,"A boy with a coin, he found in the weeds With bullets and pages of trade magazines Close to a car that flipped on the turn God left the ground to circle the world",SP a SP b ɔj ʋ ɪ d̪ a k ɔj n ç i f aw n d i n ð a ʋ iː ɖ z ʋ ɪ d̪ b ʊ ʎ i t s a n p eː dʒ ɪ z ɒ v t ɹ e d m a ɡ a z iː n z SP k l əw s ə SP a SP k ɑː æ t f ʎ i p t a n ð a SP ʈ ɜː n ɡ ɑ d l ɛ f t ð a ɡ ɹ aw n d ə s ɜ k ə l ð a ʋ ɜː l ɖ SP,0.19 0.04 0.11 0.05 0.4 0.03 0.29 0.07 0.11 0.15 0.65 0.04 0.03 0.06 0.18 0.3 0.07 0.03 0.19 0.13 0.04 0.17 0.18 0.54 0.04 0.03 0.05 0.05 0.03 0.17 0.53 0.03 0.03 0.04 0.1 0.07 0.16 0.04 0.43 0.04 0.23 0.05 0.05 0.1 0.1 0.05 0.26 0.03 0.07 0.27 0.07 0.11 0.14 0.33 0.17 0.03 0.39 0.03 0.05 0.23 0.18 1.37 0.17 0.3 0.06 0.03 0.25 0.07 0.03 0.03 0.03 0.05 0.07 0.07 0.42 0.03 0.03 0.03 0.19 0.03 0.03 0.14 0.08 0.28 0.03 0.09 0.21 0.07 0.03 0.03 0.13 0.1 0.06 0.46 0.19 0.03 0.06 0.18 0.3 0.09 0.23 0.04 0.07 0.14 0.14 0.839999 0.120001 0.08 0.15,1 1 1 2 3 1 3 2 4 2 2 4 3 6 2 5 2 4 8 1 4 1 1 1 1 2 2 5 2 2 1 3 3 4 2 5 1 5 2 4 1,rest B3 A3 G3 G3 D#3 A3 B3 A3 G3 B3 F#3 B3 A3 G3 G3 G3 E3 E3 E3 F3 G3 F#3 G3 E3 rest rest A#3 A3 G3 G3 G3 B3 B3 A3 G3 A3 B3 rest G#3 A#3 A3 G3 G3 E3 F3 G3 F#3 E3 rest,0.406349 0.406349 0.371519 0.267029 0.708209 0.25542 0.1161 0.278639 0.359909 0.348299 0.603719 0.301859 0.359909 0.371519 0.267029 0.267029 0.22059 0.25542 0.10449 0.16254 0.13932 0.267029 0.325079 0.25542 0.545669 0.336689 0.10449 0.429569 0.301859 0.278639 0.789478 0.20898 0.10449 0.25542 0.348299 0.24381 0.13932 0.336689 0.510839 0.13932 0.25542 0.336689 0.25542 0.278639 0.696599 0.12771 0.267029 0.325079 1.242268 0.22059,
000099,"[Vocalizing] A girl with a bird, she found in the snow Flew up her gown that's how she knows God made her eyes for crying at birth Then left the ground to circle the Earth",SP a ɡ aː ɫ ʋ ɪ d̪ a SP b aː d SP ʃ i f aw n d SP i n SP ð a SP s n əw SP f l uː ɐ p a ɡ aw n d̪ a s h aw ʃ i n əw z SP ɡ ɑ d m e d a aj z SP f a k ɹ aj ɪ ŋ a t b aː ð SP ð ə n l ɛ f t ð a ɡ ɹ aw n d ə s ɜ k ə l ð a SP aː θ SP,0.72 0.03 0.03 0.03 0.03 0.03 0.07 0.03 5.25 0.4 0.04 5.51 0.03 0.29 0.03 0.03 0.03 2.24 0.17 0.03 0.24 0.05 0.08 0.13 0.05 2.76 0.040001 0.139999 0.08 0.450001 0.429998 0.030001 0.049999 0.280001 0.290001 0.109999 0.17 0.11 0.619999 0.25 0.09 0.270001 0.059999 0.060002 0.25 0.109998 0.16 0.110001 0.41 0.059999 0.240002 0.25 0.279999 0.03 0.07 0.33 0.040001 0.049999 0.65 0.050001 0.219999 0.030001 0.049999 0.15 0.050001 0.469999 0.110001 0.149999 0.110001 0.119999 0.040001 0.41 0.029998 0.260001 0.210001 0.25 0.109998 0.040001 0.23 0.03 0.029999 0.070002 0.16 0.08 0.069999 0.56 0.069999 0.040001 0.06 0.19 0.3 0.11 0.199999 0.080002 0.049999 1.200001 0.029999 0.03 0.029999 0.120001,1 1 3 3 1 1 3 1 2 4 1 2 1 2 1 3 1 3 2 1 3 3 2 2 3 1 3 3 1 2 1 2 5 2 3 1 3 4 2 5 1 5 2 1 2 1,rest C4 B3 A3 rest A3 B3 C4 B3 B3 B3 rest A3 G3 E3 rest rest B3 A3 B3 G3 D#3 A3 B3 A3 G#3 A#3 B3 rest G2 B3 B3 A3 G3 G3 E3 G3 F#3 G3 E3 rest rest A3 B3 A3 B3 G3 rest G#2 B3 A3 G3 A#3 B3 rest A3 G3 G3 E3 F#3 G3 F#3 G3 E3 rest,0.812698 1.741497 1.915646 1.741497 0.429569 0.348299 1.695057 1.683447 0.394739 0.1161 1.311927 0.406349 0.905578 1.044898 0.464399 0.267029 0.278639 0.406349 0.336689 0.24381 0.743039 0.24381 0.1161 0.267029 0.290249 0.383129 0.12771 0.313469 0.2322 0.267029 0.10449 0.25542 0.348299 0.278639 0.25542 0.708209 0.371519 0.383129 0.25542 0.464399 0.290249 0.20898 0.10449 0.278639 0.383129 0.2322 0.522449 0.25542 0.19737 0.371519 0.371519 0.290249 0.15093 0.313469 0.754649 0.429569 0.25542 0.24381 0.731429 0.10449 0.325079 0.313469 0.25542 1.021678 0.15093,"exclude:mixed_vocalizing,SNR=9.5,dev=11.9"
000100,[Vocalizing],,,,,,
000101,A boy with a coin he found in his jeans Making a wish he tossed in the sea Walked to a town that all of us burn God left the ground to circle the world,SP a SP b ɔj ʋ ɪ d̪ a k ɔj n ç i f aw n d i n ç i z dʒ iː n z m e c i ŋ ɡ a ʋ ɪ ʃ SP ç i ʈ ɒ s ʈ i n ð a s iː SP ʋ ɒː k ʈ ə a ʈ aw n æ t ɑː ɫ ɒ v a s b aː n SP ɡ ɑ d l ɛ f t ð a ɡ ɹ aw n d ə SP s ɜ k ə l ð a ʋ ɜː l ɖ SP,0.36 0.14 0.08 0.05 0.42 0.03 0.24 0.08 0.1 0.16 0.56 0.14 0.03 0.07 0.17 0.31 0.06 0.04 0.21 0.07 0.03 0.12 0.13 0.07 0.51 0.09 0.06 0.3 0.3 0.07 0.34 0.01 0.03 0.08 0.2 0.28 0.13 0.22 0.03 0.06 0.16 0.23 0.14 0.04 0.12 0.2 0.03 0.05 0.22 0.47 0.24 0.22 0.28 0.08 0.05 0.42 0.04 0.15 0.62 0.26 0.07 0.05 0.58 0.03 0.03 0.04 0.16 0.07 0.13 0.43 0.06 0.17 0.28 0.27 0.03 0.1 0.22 0.03 0.03 0.05 0.16 0.08 0.07 0.51 0.07 0.05 0.03 0.03 0.2 0.29 0.11 0.23 0.04 0.06 0.13 0.15 0.949999 0.130001 0.07 0.07,1 1 1 2 3 1 3 2 4 2 3 4 6 1 3 1 2 4 2 2 2 1 4 1 1 3 2 2 2 2 3 1 3 4 2 5 1 1 5 2 4 1,rest rest B3 A3 G3 G3 D#3 A3 B3 A3 G3 A3 B3 G3 A3 B3 A3 B3 G3 G3 rest G3 G3 F#3 G3 E3 rest B3 A3 G3 A3 G3 E3 A3 A3 G3 G3 B3 rest A3 B3 A3 G3 G3 G3 G3 F#3 G3 E3 E3,0.406349 0.24381 0.441179 0.325079 0.25542 0.719819 0.25542 0.12771 0.267029 0.301859 0.336689 0.1161 0.557279 0.267029 0.1161 0.267029 0.359909 0.19737 0.1161 0.267029 0.592109 0.12771 0.301859 0.325079 0.290249 0.441179 0.534059 0.359909 0.348299 0.25542 0.25542 0.487619 0.278639 0.15093 0.441179 0.290249 0.16254 0.417959 0.487619 0.1161 0.278639 0.336689 0.267029 0.952018 0.09288 0.301859 0.301859 0.325079 1.068118 0.12771,
000102,[Vocalizing],,,,,,
000103,[Vocalizing],,,,,,
000104,[Vocalizing],,,,,,
000105,Cain got a milk-eyed mule from the auction Abel got a telephone,SP c eː n ɡ ɑ t a mʲ ɪ l k aj d mʲ uː ɫ f ɹ ɐ m ð a ɑː c ʃ ə n e b ɛ ɫ ɡ ɑ t a ʈ ɛ l ə f oː n SP,0.14 0.08 0.13 0.08 0.04 0.2 0.03 0.1 0.16 0.25 0.2 0.08 0.39 0.03 0.1 0.39 0.03 0.08 0.04 0.15 0.05 0.03 0.33 0.23 0.07 0.17 0.25 0.27 0.45 0.1 0.03 0.07 0.13 0.23 0.03 0.06 0.2 0.21 0.06 0.03 0.22 0.3 0.33 0.29,1 3 3 1 4 2 3 4 2 5 4 3 1 7 1,rest D#3 F3 F3 G3 G3 A#3 A#3 A#3 A#3 G3 F3 G3 A#3 A#3 A#3 A#3 A#3 A#3 D4 rest,0.22059 0.25542 0.499229 0.522449 0.522449 0.24381 0.25542 0.267029 0.24381 0.568889 0.25542 0.290249 0.18576 0.325079 0.22059 0.336689 0.19737 0.2322 0.278639 0.568889 0.359909,
000106,And even the last of their blue-eyed babies know,SP a n ə v ɛ n ð a l a s t ɒ v ð ɚ b l uː aj d b e bʲ i z SP n əw SP,0.47 0.04 0.1 0.03 0.05 0.03 0.03 0.03 0.05 0.03 0.03 0.03 0.04 0.03 0.03 0.03 0.03 0.03 0.03 0.04 3.14 0.03 0.04 0.14 0.03 0.03 0.03 0.03 0.24 0.45 0.51,1 2 4 2 4 2 2 3 2 5 1 2 1,rest C3 C3 D4 D4 D4 D4 D#4 D#4 F4 F4 F4 F4 D#4 D4 D4 rest,0.719819 0.10449 0.13932 0.267029 0.22059 0.568889 0.499229 0.290249 0.2322 0.301859 0.534059 0.24381 0.278639 0.267029 0.2322 0.441179 0.510839,
000107,That the burning man is the color of the end of day,SP æ t ð a b aː ɲ i ŋ ɡ m a n i z ð a k ə l ə ɒ v ð a ɛ n d ɒ v d ej SP,0.48 0.2 0.09 0.05 0.08 0.11 0.5 0.1 0.38 0.01 0.03 0.05 0.35 0.36 0.03 0.06 0.04 0.05 0.14 0.03 0.03 0.87 0.03 0.03 0.05 0.05 0.44 0.21 0.05 0.04 0.14 0.05 0.73 0.62,1 2 2 6 3 2 2 4 2 2 3 2 2 1,rest E3 F3 G3 F3 F3 D#3 D#3 F3 F3 F#3 F3 rest,0.534059 0.267029 0.20898 0.603719 0.476009 0.580499 0.22059 0.2322 1.044898 0.731429 0.2322 0.859138 0.499229,
000108,And how every tongue that gets bit always has another word to say,SP a n h aw ɛ ɹ i ʈ ə ŋ æ t ɡ ɛ t s SP bʲ i t ɒː l ʋ eː z a z a n ɐ ð ə ʋ ɜː ɖ ə s e SP,0.48 0.04 0.15 0.12 0.25 0.17 0.1 0.1 0.14 0.26 0.32 0.04 0.1 0.07 0.17 0.07 0.12 0.13 0.04 0.21 0.06 0.03 0.19 0.03 0.16 0.09 0.04 0.03 0.24 0.48 0.22 0.03 0.15 0.06 0.46 0.12 0.09 0.13 0.78 0.21,1 2 2 3 3 2 4 1 3 5 2 5 3 1 2 1,rest D3 F3 F3 F3 G3 F3 F3 rest F3 D#3 D3 F3 F3 F3 F3 G3 F3 rest,0.766259 0.278639 0.24381 0.12771 0.13932 0.534059 0.25542 0.22059 0.313469 0.2322 0.325079 0.20898 0.557279 0.22059 0.487619 0.568889 0.22059 0.719819 0.267029,
000109,Cain bought a blade from some witch at the window Abel bought a bag of weed,SP c eː n b ɒ t a b l e d f ɹ ɐ m s ɐ m ʋ ɪ tʃ a t ð a ʋ ɪ n ɖ oː e b ɛ ɫ b ɒ t a b a ɡ ɒ v ʋ iː ɖ SP,0.64 0.08 0.16 0.08 0.03 0.2 0.03 0.06 0.14 0.1 0.37 0.07 0.03 0.04 0.2 0.15 0.11 0.15 0.12 0.03 0.12 0.13 0.15 0.07 0.04 0.2 0.07 0.27 0.24 0.04 0.46 0.48 0.08 0.03 0.11 0.12 0.23 0.03 0.07 0.2 0.23 0.06 0.05 0.03 0.17 0.36 0.16 0.24,1 3 3 1 4 4 3 3 2 2 5 4 3 1 3 2 3 1,rest A#2 E3 F3 F3 F3 G3 G3 A#3 A#3 A#3 G3 F3 G3 A#3 A#3 A#3 A#3 A#3 A#3 C4 D4 rest,0.719819 0.1161 0.16254 0.429569 0.580499 0.487619 0.301859 0.24381 0.25542 0.290249 0.534059 0.25542 0.19737 0.336689 0.2322 0.267029 0.25542 0.1161 0.15093 0.290249 0.267029 0.545669 0.19737,
000110,And even the last of their brown-eyed babies see,SP a n ə v ɛ n ð a l a s t ɒ v ð ɚ b ɹ aw n aj d b e bʲ i z s iː SP,1.7 0.03 0.03 0.03 0.03 0.03 0.03 0.03 0.03 0.03 0.03 0.03 0.04 0.03 0.03 0.03 0.03 0.03 0.03 0.01 0.03 3.18 0.03 0.03 0.22 0.03 0.03 0.04 0.2 0.36 0.33,1 2 4 2 4 2 2 4 2 5 2 1,rest B3 D4 D4 D4 D4 D#4 D#4 F4 F4 F4 F4 D#4 D4 rest,0.928798 0.24381 0.2322 0.25542 0.592109 0.487619 0.25542 0.25542 0.290249 0.25542 0.290249 0.499229 0.580499 0.417959 0.267029,
000111,That the cartoon king has a tattoo of a bleeding heart,SP æ t ð a k ɑː ʈ ʉː n c ɪ ŋ a z a ʈ a ʈ ʉː ɒ v a b ʎ iː dʲ ɪ ŋ h ɑ ɹ t SP,0.45 0.15 0.09 0.04 0.08 0.13 0.46 0.14 0.14 0.27 0.08 0.29 0.21 0.24 0.07 0.09 0.11 0.48 0.09 0.41 0.04 0.07 0.03 0.17 0.12 0.41 0.03 0.06 0.09 0.12 0.52 0.06 0.03 0.4,1 2 2 5 3 2 1 4 2 1 6 4 1,rest F3 F#3 G3 F3 F3 D#3 D#3 D#3 F3 F3 F3 F3 F3 D#3 D#3 D3 rest,0.499229 0.2322 0.20898 0.603719 0.499229 0.278639 0.18576 0.336689 0.20898 0.568889 0.510839 0.20898 0.10449 0.25542 0.19737 0.16254 0.743039 0.359909,
000112,There ain't a penthouse Christian wants the pain of the scab but they all want the scar,SP ð ɚ a n t a p ɛ n ʈ h aw s c ɹ ɪ s t ə n ʋ ɒ n ʈ s ð a SP p eː n ɒ v ð a s k æ b b a t ð e ɑː ɫ ʋ ɒ n ʈ ð a s k a SP,0.49 0.03 0.03 0.03 0.63 0.06 0.03 0.03 0.13 0.06 0.03 0.07 0.26 0.11 0.09 0.04 0.22 0.15 0.1 0.04 0.22 0.03 0.08 0.05 0.03 0.03 0.07 0.08 0.08 0.07 0.24 0.14 0.03 0.05 0.06 0.03 0.11 0.09 0.42 0.03 0.1 0.1 0.03 0.11 0.31 0.23 0.22 0.05 0.13 0.09 0.04 0.04 0.06 0.11 0.11 0.8 0.17,1 2 3 1 7 7 5 2 1 3 2 2 4 3 2 2 4 2 3 1,rest A#2 C#3 F3 E3 F#3 F3 F3 F3 F3 F3 F3 F3 F3 F3 F3 G3 F3 F3,0.534059 0.754649 0.25542 0.545669 0.13932 0.371519 0.25542 0.278639 0.24381 0.290249 0.452789 0.557279 0.2322 0.290249 0.557279 0.25542 0.290249 0.824308 0.15093,
000113,How every mouth sings of what it's without so we all sing of love,SP h aw ɛ ɹ i m aw d̪ s i ŋ ɡ z ɒ v ʋ ɒ ʈ ɪ s ʋ ɪ d̪ aw ʈ s əw ʋ iː ɑː ɫ s ɪ ŋ ɒ v l ɐ v SP,0.03 0.09 0.19 0.18 0.13 0.33 0.16 0.36 0.03 0.16 0.17 0.01 0.03 0.03 0.15 0.03 0.08 0.05 0.03 0.58 0.09 0.05 0.16 0.05 0.3 0.07 0.17 0.18 0.03 0.26 0.2 0.08 0.21 0.26 0.5 0.03 0.03 0.03 0.59 0.03 0.8,1 2 3 3 5 2 3 2 5 2 2 2 3 2 3 1,rest G2 D3 F3 G3 F3 F3 F3 F3 F3 F3 F3 F3 F3 D#3 D3 rest,0.09288 0.18576 0.325079 0.510839 0.545669 0.24381 0.278639 0.476009 0.278639 0.24381 0.534059 0.290249 0.673379 0.359909 0.452789 0.986848 0.464399,
000114,And how it ain't one dog who's good at fuckin' and denying who he's thinkin' of,SP a n h aw i t a n t ʋ ɒ n d ɑ ɡ h uː z ɡ ʊ d a t SP f ɐ k ɪ ŋ a n d ə ɲ i ɪ ŋ ç ʉː ç iː z t̪ ɪ ɲ c ɪ ŋ ɒ v SP,0.48 0.07 0.17 0.11 0.26 0.13 0.03 0.2 0.03 0.03 0.03 0.28 0.17 0.05 0.43 0.03 0.03 0.13 0.07 0.06 0.02 0.24 0.06 0.03 0.16 0.03 0.13 0.11 0.03 0.03 0.32 0.37 0.03 0.2 0.03 0.08 0.1 0.08 0.04 0.21 0.07 0.04 0.14 0.05 0.15 0.04 0.05 0.19 0.09 0.71 0.08 0.36,1 2 2 2 3 3 3 3 3 2 1 5 2 6 2 3 6 2 1,rest A2 A#2 A#2 D3 F3 G3 G3 F3 F3 F3 F3 F3 F3 F3 F3 F3 F3 F3 G3 G3 rest,0.522449 0.20898 0.348299 0.17415 0.313469 0.476009 0.10449 0.1161 0.278639 0.267029 0.522449 0.25542 0.2322 0.267029 0.25542 0.278639 0.25542 0.522449 0.25542 0.25542 0.777868 0.383129,
000115,"Cain heard a cat tumble limp off the rooftop, Abel heard his papa pray",SP c eː n h aː d a cʰ æ t SP ʈ ə m b ə l ʎ i m p ɑ f ð a ɹ ʊ f tʰ ɑ p e b ɛ ɫ h aː d ç i z p ə p ɑː SP p ɹ e SP,0.06 0.09 0.15 0.05 0.08 0.17 0.03 0.08 0.17 0.31 0.03 0.14 0.08 0.07 0.37 0.04 0.04 0.2 0.05 0.13 0.07 0.05 0.16 0.05 0.05 0.18 0.1 0.31 0.13 0.07 0.44 0.08 0.44 0.09 0.09 0.06 0.12 0.18 0.03 0.03 0.05 0.06 0.12 0.18 0.09 0.05 0.13 0.08 0.04 0.37 0.56,1 3 3 1 3 1 6 4 2 2 6 4 3 3 4 1 3 1,rest D#3 F3 F3 rest F3 G3 G3 A#3 A#3 A#3 G3 A#3 A#3 A#3 A#3 A#3 C4 D4,0.13932 0.2322 0.522449 0.313469 0.24381 0.476009 0.278639 0.25542 0.24381 0.313469 0.487619 0.452789 0.278639 0.325079 0.626939 0.12771 0.25542 0.267029 0.963628,
000116,And even the last of the black-eyed babies say,SP a n ə v ɛ n ð a l a s t ɒ v ð a b l a k aj d b e bʲ i z s e SP,0.18 0.03 0.03 0.03 0.03 0.03 0.03 0.03 0.03 0.03 0.03 0.03 0.03 0.06 0.03 0.03 0.03 0.03 0.03 0.03 0.03 3.16 0.03 0.03 0.18 0.03 0.03 0.11 0.16 0.49 0.44,1 2 4 2 4 2 2 4 2 5 2 1,rest D3 B3 D4 D4 D4 D4 D#4 D#4 F4 F4 F4 D#4 D4 rest,0.313469 0.10449 0.12771 0.267029 0.24381 0.568889 0.510839 0.25542 0.278639 0.290249 0.545669 0.534059 0.499229 0.650159 0.278639,
000117,That every saint has a chair you can borrow and a church to sell,SP æ t ɛ ɹ i s a n t a z a tʃ ɛ ɹ j ə cʰ æ n b ɒ ɹ əw a n a tʃ aː tʃ ə s ɛ l SP,0.68 0.03 0.03 0.19 0.15 0.25 0.2 0.44 0.07 0.03 0.22 0.06 0.06 0.21 0.34 0.06 0.26 0.01 0.08 0.05 0.16 0.04 0.03 0.03 0.71 0.04 0.21 0.1 0.18 0.29 0.23 0.11 0.2 0.44 0.59 0.5,1 2 3 4 2 1 3 2 3 4 2 1 3 1 3 1,rest D3 F3 G3 F3 F3 F3 F3 D#3 D#3 D3 F3 F3 G3 F3 rest,0.754649 0.301859 0.476009 0.278639 0.267029 0.25542 0.290249 0.267029 0.24381 0.24381 0.24381 1.300317 0.522449 0.313469 1.253878 0.278639,
000118,That the wind blows cold across the back of the master and the kitchen help,SP æ t ð a ʋ aj n ɖ b l əw z k oː l ɖ a k ɹ ɔ s ð a b a k ɒ v ð a m a s t a a n ð a SP c ɪ tʃ ə n h ɛ l p SP,0.46 0.41 0.1 0.06 0.1 0.09 0.14 0.11 0.03 0.03 0.07 0.26 0.08 0.12 0.45 0.05 0.04 0.07 0.12 0.05 0.15 0.07 0.06 0.07 0.15 0.19 0.08 0.13 0.09 0.04 0.06 0.12 0.32 0.22 0.08 0.05 0.32 0.1 0.04 0.04 0.13 0.09 0.14 0.1 0.11 0.09 0.12 0.2 0.16 0.03 0.54,1 2 2 4 4 4 5 2 3 2 2 5 2 2 1 5 4 1,rest A#2 A#2 A#2 D3 F3 G3 F3 F3 F3 F3 F3 D#3 D3 D3 F3 F3 D#3 rest F3 G3 F3 rest,0.487619 0.25542 0.278639 0.24381 0.278639 0.510839 0.278639 0.267029 0.20898 0.313469 0.22059 0.278639 0.24381 0.17415 0.20898 0.429569 0.441179 0.17415 0.16254 0.24381 0.278639 0.557279 0.394739,
000119,There's a big pile of innocent bones still holding up the garden wall,SP ð ɛ ɹ z a bʲ i ɡ p aj l ɒ v i n ɔ s ɛ n t b əw n z s tʲ i ɫ h əw ɫ dʲ ɪ ŋ ɐ p ð a ɡ a d ɛ n ʋ ɒː l SP,0.7 0.05 0.13 0.07 0.07 0.05 0.17 0.11 0.1 0.07 0.46 0.03 0.03 0.03 0.03 0.19 0.4 0.12 0.05 0.15 0.03 0.04 0.29 0.12 0.04 0.06 0.05 0.2 0.12 0.03 0.57 0.04 0.04 0.15 0.1 0.13 0.07 0.06 0.07 0.17 0.51 0.06 0.1 0.13 0.07 0.12 0.76 0.49,1 4 1 3 3 2 7 4 4 6 2 2 5 3 1,rest rest A#2 A#2 D3 F3 D3 D3 G3 F3 F3 F3 D#3 D#3 D3 F3 F3 F3 F3 F3 G3 F3 F3 rest,0.510839 0.2322 0.278639 0.22059 0.278639 0.313469 0.2322 0.22059 0.290249 0.2322 0.267029 0.267029 0.301859 0.20898 0.522449 0.25542 0.25542 0.25542 0.24381 0.557279 0.22059 0.952018 0.17415 0.336689,
000120,And it was always the broken hand we learned to lean on after all,SP a n i t ʋ ɒ z ɒː l ʋ eː z ð a b ɹ əw k ə n h a n d ʋ iː l aː n d ə ʎ iː n a n a f t a ɑː ɫ SP,0.48 0.11 0.19 0.09 0.03 0.1 0.16 0.09 0.26 0.03 0.06 0.36 0.07 0.05 0.05 0.17 0.06 0.2 0.11 0.03 0.3 0.11 0.37 0.06 0.03 0.05 0.14 0.1 0.18 0.05 0.09 0.22 0.03 0.19 0.13 0.37 0.1 0.3 0.12 0.08 0.18 1.26 0.09 0.51,1 2 2 3 5 2 6 4 2 4 1 3 2 4 2 1,rest A#2 A#2 A#2 C#3 F3 E3 G3 F3 F3 F3 D#3 D#3 D#3 D3 D3 C3 C3 D3 D3 C3 A#2 rest,0.522449 0.25542 0.267029 0.20898 0.359909 0.452789 0.24381 0.371519 0.336689 0.10449 0.25542 0.25542 0.2322 0.313469 0.25542 0.325079 0.476009 0.499229 0.16254 0.812698 0.24381 0.557279 0.25542,
000121,"How God knows if Christ came back, he would find us in a poker game",h aw ɡ ɑ d n əw z i f k ɹ aj s t c eː m b a k ç i a d f aj n a s i n a SP p oː k ə ɡ e m SP,0.13 0.08 0.12 0.37 0.03 0.15 0.4 0.08 0.08 0.11 0.09 0.06 0.22 0.08 0.06 0.09 0.2 0.1 0.04 0.44 0.05 0.03 0.16 0.13 0.05 0.14 0.39 0.11 0.13 0.14 0.18 0.08 0.15 0.05 0.06 0.21 0.08 0.16 0.09 0.48 0.84 0.31,2 3 3 2 5 3 3 2 2 3 2 2 1 1 4 3 1,rest A2 C#3 D3 F3 D3 D3 G3 E3 F3 F3 F3 F3 F3 F3 D3 F3 G3 F3 rest,0.08127 0.24381 0.22059 0.325079 0.25542 0.22059 0.325079 0.476009 0.12771 0.22059 0.534059 0.464399 0.499229 0.267029 0.25542 0.267029 0.301859 0.24381 1.311927 0.301859,
000122,"After finding out the drinks were all free, but they won't let you out the door again",a f t a f aj n dʲ ɪ ŋ aw t ð a d ɹ i ŋ k s ʋ ə ɑː ɫ SP f ɹ iː b a t SP ð e ʋ oː n ʈ l ɛ t j ə aw t ð a d ɒ ɹ a ɡ e n SP,0.23 0.05 0.06 0.05 0.19 0.21 0.05 0.04 0.12 0.15 0.19 0.05 0.06 0.05 0.17 0.06 0.19 0.01 0.04 0.07 0.1 0.09 0.25 0.11 0.1 0.04 0.05 0.19 0.07 0.04 0.03 0.03 0.14 0.17 0.06 0.11 0.1 0.03 0.03 0.16 0.14 0.1 0.17 0.15 0.05 0.06 0.06 0.17 0.23 0.09 0.1 0.12 0.47 0.49 0.25,4 6 2 2 6 2 2 1 3 3 1 2 4 3 2 2 2 3 4 1,rest A#2 A#2 D3 F3 F3 E3 G3 F3 F3 D#3 D#3 D3 D#3 D3 D3 F3 D3 F3 G3 G3 rest,0.09288 0.25542 0.24381 0.290249 0.267029 0.301859 0.2322 0.383129 0.15093 0.534059 0.10449 0.18576 0.2322 0.2322 0.267029 0.325079 0.510839 0.2322 0.325079 0.2322 0.975238 0.22059,
